date,time,city,month,hour,temperature,humidity,wind_speed,pm25,pm10,no2,co,so2,o3,aqi,aqi_category
2022-01-01,00:00,Delhi,1,0,13.5,71.1,6.5,41.5,67.5,79.8,1.94,3.5,16.1,66.1,Satisfactory
2022-01-01,12:00,Mumbai,1,12,9.9,51.1,7.6,82.9,116.7,51.7,2.54,72.3,33.2,170.5,Moderate
2022-01-02,00:00,Lucknow,1,0,12.6,52.9,4.5,89.8,132.5,5.9,2.3,17.2,50.5,203.7,Poor
2022-01-02,12:00,Kanpur,1,12,14.7,80.0,0.5,74.9,154.3,57.9,0.94,68.0,40.5,158.1,Moderate
2022-01-03,00:00,Agra,1,0,4.2,80.7,0.5,30.0,66.9,5.1,0.76,36.8,52.4,68.4,Satisfactory
2022-01-03,12:00,Mathura,1,12,11.1,79.2,0.5,67.4,159.2,36.1,1.17,28.0,61.2,140.0,Moderate
2022-01-04,00:00,Varanasi,1,0,12.2,97.1,0.5,90.1,151.6,35.6,1.76,45.1,117.9,205.9,Poor
2022-01-04,12:00,Allahabad,1,12,17.1,81.2,0.5,34.1,47.8,134.7,0.84,8.2,122.9,61.5,Satisfactory
2022-01-05,00:00,Delhi,1,0,8.3,59.3,6.4,129.5,217.4,74.2,0.75,2.2,43.0,309.8,Very Poor
2022-01-05,12:00,Mumbai,1,12,14.3,85.2,9.3,147.1,265.8,22.6,1.12,54.6,23.1,344.9,Very Poor
2022-01-06,00:00,Lucknow,1,0,11.3,79.6,0.5,73.0,175.4,59.4,2.2,16.1,39.7,151.0,Moderate
2022-01-06,12:00,Kanpur,1,12,14.6,83.2,3.8,45.2,109.6,155.8,1.7,32.4,85.3,105.3,Moderate
2022-01-07,00:00,Agra,1,0,12.3,63.6,4.6,58.6,80.3,31.6,2.75,16.3,24.8,106.1,Moderate
2022-01-07,12:00,Mathura,1,12,11.0,69.3,1.3,243.7,455.0,89.2,0.49,39.9,11.0,484.1,Severe
2022-01-08,00:00,Varanasi,1,0,16.9,58.2,6.2,61.5,127.2,61.6,0.72,20.1,13.3,119.3,Moderate
2022-01-08,12:00,Allahabad,1,12,13.3,71.4,9.5,121.7,215.5,92.6,4.37,40.5,14.5,304.2,Very Poor
2022-01-09,00:00,Delhi,1,0,15.8,66.6,2.1,195.2,313.0,79.3,1.02,10.3,35.9,413.8,Severe
2022-01-09,12:00,Mumbai,1,12,15.6,60.5,6.9,126.9,253.9,21.8,2.42,9.8,31.7,312.8,Very Poor
2022-01-10,00:00,Lucknow,1,0,7.7,58.4,9.5,55.2,105.2,97.4,0.41,16.3,17.4,104.9,Moderate
2022-01-10,12:00,Kanpur,1,12,7.7,64.1,6.4,153.8,316.1,89.3,6.9,34.5,41.3,349.7,Very Poor
2022-01-11,00:00,Agra,1,0,5.6,67.2,5.4,17.5,45.6,88.9,0.76,4.1,71.5,45.3,Good
2022-01-11,12:00,Mathura,1,12,12.8,75.5,36.3,96.5,231.5,66.3,2.06,57.4,105.9,222.9,Poor
2022-01-12,00:00,Varanasi,1,0,18.2,90.1,12.9,33.0,89.2,63.0,0.26,16.3,38.1,91.1,Satisfactory
2022-01-12,12:00,Allahabad,1,12,12.0,80.5,1.2,132.3,228.8,76.6,2.35,49.2,15.4,315.8,Very Poor
2022-01-13,00:00,Delhi,1,0,11.7,62.1,1.1,78.1,125.3,90.9,1.06,30.4,5.0,149.6,Moderate
2022-01-13,12:00,Mumbai,1,12,14.6,62.6,11.1,378.7,721.5,46.7,1.24,6.0,55.0,500.0,Severe
2022-01-14,00:00,Lucknow,1,0,12.2,63.9,5.0,64.4,128.7,6.0,1.71,7.4,5.0,123.4,Moderate
2022-01-14,12:00,Kanpur,1,12,13.2,71.7,6.4,96.1,209.3,110.0,1.01,1.6,21.3,212.7,Poor
2022-01-15,00:00,Agra,1,0,11.8,60.4,4.7,61.0,89.3,57.1,2.61,5.5,21.3,112.1,Moderate
2022-01-15,12:00,Mathura,1,12,11.7,73.6,7.0,67.9,160.1,162.2,2.69,9.0,15.0,139.6,Moderate
2022-01-16,00:00,Varanasi,1,0,14.5,50.4,14.6,39.5,75.2,25.3,4.26,23.2,22.4,77.7,Satisfactory
2022-01-16,12:00,Allahabad,1,12,11.0,80.8,7.0,84.2,146.5,26.1,3.23,5.7,51.4,180.6,Moderate
2022-01-17,00:00,Delhi,1,0,12.8,61.2,3.5,76.3,203.5,59.6,1.77,72.9,39.1,171.9,Moderate
2022-01-17,12:00,Mumbai,1,12,10.2,71.2,2.0,34.9,71.5,7.4,1.07,16.1,35.0,77.7,Satisfactory
2022-01-18,00:00,Lucknow,1,0,11.2,61.4,0.5,75.7,110.8,55.1,1.0,4.2,71.6,146.6,Moderate
2022-01-18,12:00,Kanpur,1,12,8.5,74.5,0.6,44.8,94.8,145.5,1.07,44.1,22.9,97.1,Satisfactory
2022-01-19,00:00,Agra,1,0,10.9,84.1,6.8,40.2,44.1,98.4,2.35,1.0,87.4,64.9,Satisfactory
2022-01-19,12:00,Mathura,1,12,14.9,72.2,7.1,75.9,141.5,72.3,1.64,11.2,47.9,158.3,Moderate
2022-01-20,00:00,Varanasi,1,0,17.0,82.6,1.2,66.7,131.1,35.8,0.41,3.9,149.1,123.9,Moderate
2022-01-20,12:00,Allahabad,1,12,13.8,57.3,0.5,372.3,845.0,148.5,1.25,47.2,57.9,500.0,Severe
2022-01-21,00:00,Delhi,1,0,12.5,59.1,10.2,140.3,303.1,65.1,1.66,19.2,65.7,331.7,Very Poor
2022-01-21,12:00,Mumbai,1,12,10.6,81.4,8.7,89.3,146.9,26.5,1.64,24.3,36.5,202.9,Poor
2022-01-22,00:00,Lucknow,1,0,10.5,86.6,3.7,127.0,271.3,4.5,0.83,5.0,31.2,315.2,Very Poor
2022-01-22,12:00,Kanpur,1,12,11.5,64.2,6.7,133.7,224.6,85.5,2.16,15.7,27.4,319.2,Very Poor
2022-01-23,00:00,Agra,1,0,9.5,77.2,10.4,39.8,75.0,34.9,0.84,35.6,20.1,70.7,Satisfactory
2022-01-23,12:00,Mathura,1,12,9.5,72.4,1.1,69.8,164.5,32.9,0.59,16.6,42.3,146.1,Moderate
2022-01-24,00:00,Varanasi,1,0,15.2,84.2,6.0,47.5,109.0,16.8,0.76,15.6,36.3,100.2,Moderate
2022-01-24,12:00,Allahabad,1,12,16.5,74.6,0.5,130.4,246.3,57.5,2.34,3.7,49.4,318.9,Very Poor
2022-01-25,00:00,Delhi,1,0,16.7,71.8,5.7,60.5,137.0,18.3,3.03,32.5,17.6,125.2,Moderate
2022-01-25,12:00,Mumbai,1,12,12.7,70.1,1.2,100.1,251.2,58.4,1.79,29.4,37.4,229.3,Poor
2022-01-26,00:00,Lucknow,1,0,11.9,76.2,3.2,41.5,86.3,61.3,0.93,5.6,56.4,81.8,Satisfactory
2022-01-26,12:00,Kanpur,1,12,11.9,72.5,3.1,58.7,107.5,29.3,0.83,66.6,63.2,115.0,Moderate
2022-01-27,00:00,Agra,1,0,13.1,76.4,10.0,102.7,247.6,115.3,0.82,6.7,9.7,242.9,Poor
2022-01-27,12:00,Mathura,1,12,18.4,89.8,1.2,124.2,212.3,30.3,1.05,46.6,7.9,312.7,Very Poor
2022-01-28,00:00,Varanasi,1,0,17.1,67.9,4.1,17.6,47.8,8.1,1.48,12.5,12.0,49.0,Good
2022-01-28,12:00,Allahabad,1,12,8.5,75.7,2.0,47.9,77.6,63.9,1.84,13.4,37.5,90.6,Satisfactory
2022-01-29,00:00,Delhi,1,0,13.2,76.8,4.3,73.2,130.1,24.7,1.21,20.9,27.3,159.3,Moderate
2022-01-29,12:00,Mumbai,1,12,9.4,76.5,0.5,154.1,328.7,136.7,0.62,28.0,42.3,359.1,Very Poor
2022-01-30,00:00,Lucknow,1,0,13.9,61.1,2.9,46.3,125.7,33.5,1.46,7.1,56.9,116.6,Moderate
2022-01-30,12:00,Kanpur,1,12,12.4,62.2,0.5,55.7,112.3,2.0,1.43,61.8,5.0,120.6,Moderate
2022-01-31,00:00,Agra,1,0,7.8,56.0,5.4,225.6,519.2,41.0,0.77,5.5,86.4,500.0,Severe
2022-01-31,12:00,Mathura,1,12,10.2,56.6,0.6,127.3,251.7,61.3,1.43,16.1,33.7,308.8,Very Poor
2022-02-01,00:00,Varanasi,2,0,13.3,99.1,11.3,61.9,149.1,18.3,1.55,4.8,48.6,141.5,Moderate
2022-02-01,12:00,Allahabad,2,12,12.9,84.3,2.0,112.9,176.7,145.6,3.56,76.2,14.8,272.7,Poor
2022-02-02,00:00,Delhi,2,0,18.2,66.1,10.5,123.9,234.0,135.3,1.19,32.0,19.7,300.8,Very Poor
2022-02-02,12:00,Mumbai,2,12,15.9,67.6,0.8,168.5,359.7,33.1,1.98,4.0,42.8,364.5,Very Poor
2022-02-03,00:00,Lucknow,2,0,18.7,100.0,14.3,87.0,144.2,78.1,1.44,14.1,14.1,190.9,Moderate
2022-02-03,12:00,Kanpur,2,12,16.8,83.6,6.3,136.4,309.1,17.1,0.87,42.7,8.7,325.4,Very Poor
2022-02-04,00:00,Agra,2,0,13.9,87.6,6.0,37.8,79.4,31.3,0.77,8.8,24.6,76.2,Satisfactory
2022-02-04,12:00,Mathura,2,12,12.9,90.8,4.3,15.2,22.6,41.2,1.1,1.9,6.6,26.3,Good
2022-02-05,00:00,Varanasi,2,0,17.5,87.4,0.7,25.2,28.4,30.9,3.15,9.6,5.0,52.8,Satisfactory
2022-02-05,12:00,Allahabad,2,12,15.7,89.1,4.1,126.3,200.9,58.1,1.24,12.4,57.0,308.4,Very Poor
2022-02-06,00:00,Delhi,2,0,16.2,84.5,7.1,57.1,120.6,30.4,2.26,11.6,85.0,117.3,Moderate
2022-02-06,12:00,Mumbai,2,12,20.7,78.0,13.0,43.9,65.6,62.0,1.1,5.6,27.0,79.8,Satisfactory
2022-02-07,00:00,Lucknow,2,0,17.1,90.5,6.1,115.5,281.8,45.2,1.05,24.9,5.0,288.9,Poor
2022-02-07,12:00,Kanpur,2,12,18.6,94.5,0.6,196.7,444.0,72.4,0.74,40.5,15.0,411.2,Severe
2022-02-08,00:00,Agra,2,0,14.2,77.1,12.9,35.8,58.6,41.2,3.11,4.8,31.8,57.7,Satisfactory
2022-02-08,12:00,Mathura,2,12,18.1,97.1,3.7,273.9,490.7,48.7,1.27,46.7,8.9,495.8,Severe
2022-02-09,00:00,Varanasi,2,0,17.1,86.5,8.2,80.4,168.2,38.3,2.15,20.8,10.2,167.2,Moderate
2022-02-09,12:00,Allahabad,2,12,16.4,85.7,6.6,32.2,50.6,156.0,2.76,30.9,28.9,53.6,Satisfactory
2022-02-10,00:00,Delhi,2,0,14.9,73.4,11.7,44.5,81.5,32.8,2.53,17.3,13.2,84.7,Satisfactory
2022-02-10,12:00,Mumbai,2,12,13.5,100.0,17.7,31.8,45.2,23.1,6.53,34.6,87.0,39.4,Good
2022-02-11,00:00,Lucknow,2,0,18.8,90.7,3.5,183.7,301.0,34.7,0.7,7.9,23.2,401.1,Severe
2022-02-11,12:00,Kanpur,2,12,18.5,81.3,4.7,220.6,443.7,36.9,1.32,5.8,55.3,461.4,Severe
2022-02-12,00:00,Agra,2,0,17.7,90.2,1.1,122.9,287.0,45.1,0.81,32.6,12.9,306.6,Very Poor
2022-02-12,12:00,Mathura,2,12,19.1,81.7,2.4,48.3,104.9,206.7,2.32,57.8,5.0,101.2,Moderate
2022-02-13,00:00,Varanasi,2,0,21.4,81.4,2.5,90.7,139.5,28.0,0.68,40.9,32.6,199.3,Moderate
2022-02-13,12:00,Allahabad,2,12,21.1,70.4,0.5,123.7,297.8,7.9,1.87,28.6,45.2,305.5,Very Poor
2022-02-14,00:00,Delhi,2,0,19.5,100.0,0.6,12.6,28.2,36.9,1.24,28.3,28.2,25.6,Good
2022-02-14,12:00,Mumbai,2,12,19.5,77.8,0.6,116.5,202.8,26.9,2.43,68.9,17.2,294.3,Poor
2022-02-15,00:00,Lucknow,2,0,14.7,84.0,0.6,90.9,222.8,168.6,0.26,23.3,68.6,207.9,Poor
2022-02-15,12:00,Kanpur,2,12,14.6,82.0,1.5,120.7,274.4,57.4,1.25,19.7,9.1,301.0,Very Poor
2022-02-16,00:00,Agra,2,0,17.5,92.5,5.2,49.3,91.8,35.8,0.95,12.9,11.2,91.0,Satisfactory
2022-02-16,12:00,Mathura,2,12,19.8,97.0,1.6,71.0,126.9,81.6,0.1,8.1,19.1,144.5,Moderate
2022-02-17,00:00,Varanasi,2,0,17.2,81.8,6.2,82.0,183.0,17.0,1.18,9.6,16.7,180.2,Moderate
2022-02-17,12:00,Allahabad,2,12,18.9,90.1,2.3,50.3,129.0,35.1,1.04,1.0,65.3,119.1,Moderate
2022-02-18,00:00,Delhi,2,0,16.6,89.4,0.8,88.2,160.9,24.9,4.03,11.0,28.4,196.2,Moderate
2022-02-18,12:00,Mumbai,2,12,14.2,78.0,0.5,81.4,202.4,26.3,0.2,24.7,26.2,168.9,Moderate
2022-02-19,00:00,Lucknow,2,0,15.1,75.4,0.5,26.3,63.8,11.4,0.55,31.7,43.9,61.7,Satisfactory
2022-02-19,12:00,Kanpur,2,12,12.9,84.1,10.6,158.7,379.2,43.8,3.9,29.1,43.0,357.0,Very Poor
2022-02-20,00:00,Agra,2,0,15.7,95.4,4.4,258.2,652.6,26.3,1.27,13.6,105.8,496.1,Severe
2022-02-20,12:00,Mathura,2,12,18.7,71.9,7.3,40.4,77.6,67.6,2.71,35.4,23.0,69.8,Satisfactory
2022-02-21,00:00,Varanasi,2,0,12.6,79.7,0.7,48.6,93.5,30.0,0.95,1.0,54.6,97.7,Satisfactory
2022-02-21,12:00,Allahabad,2,12,16.9,79.0,1.0,22.1,43.8,24.4,1.92,15.8,45.5,57.6,Satisfactory
2022-02-22,00:00,Delhi,2,0,18.7,76.6,1.6,21.0,38.5,40.0,1.43,43.5,19.5,35.2,Good
2022-02-22,12:00,Mumbai,2,12,17.0,91.1,11.9,108.2,212.3,38.0,0.67,23.0,22.5,258.9,Poor
2022-02-23,00:00,Lucknow,2,0,17.5,87.7,3.2,25.3,59.6,29.0,0.38,19.5,60.8,64.5,Satisfactory
2022-02-23,12:00,Kanpur,2,12,20.7,68.0,1.6,76.3,130.9,50.2,2.28,11.3,5.0,153.3,Moderate
2022-02-24,00:00,Agra,2,0,17.6,87.1,7.0,120.4,240.9,37.8,3.06,18.2,5.0,301.1,Very Poor
2022-02-24,12:00,Mathura,2,12,12.6,79.9,0.5,230.6,570.3,36.3,1.07,32.4,46.0,494.1,Severe
2022-02-25,00:00,Varanasi,2,0,20.0,88.0,2.1,61.2,101.8,21.9,1.17,64.8,53.5,94.0,Satisfactory
2022-02-25,12:00,Allahabad,2,12,22.1,67.4,0.5,87.1,220.3,52.4,5.69,26.8,36.7,190.1,Moderate
2022-02-26,00:00,Delhi,2,0,13.8,72.0,5.1,139.4,304.6,31.4,2.08,5.6,44.7,328.5,Very Poor
2022-02-26,12:00,Mumbai,2,12,17.3,100.0,0.6,77.7,191.9,6.5,0.29,23.8,13.1,154.0,Moderate
2022-02-27,00:00,Lucknow,2,0,17.6,83.8,1.9,58.8,142.2,100.3,2.0,15.5,5.5,122.6,Moderate
2022-02-27,12:00,Kanpur,2,12,18.6,90.5,0.7,89.6,209.1,45.3,3.53,34.6,14.9,202.3,Poor
2022-02-28,00:00,Agra,2,0,9.8,74.3,2.2,40.3,102.9,3.5,2.03,28.4,73.3,103.3,Moderate
2022-02-28,12:00,Mathura,2,12,15.1,73.3,6.7,133.4,224.6,90.4,5.53,51.8,35.8,319.3,Very Poor
2022-03-01,00:00,Varanasi,3,0,27.0,79.6,3.6,73.6,161.2,25.3,1.03,8.1,34.5,150.4,Moderate
2022-03-01,12:00,Allahabad,3,12,26.7,90.0,0.5,82.1,142.1,47.1,0.72,24.8,42.8,174.3,Moderate
2022-03-02,00:00,Delhi,3,0,23.1,75.0,3.0,35.1,58.3,13.6,0.67,16.8,13.4,57.3,Satisfactory
2022-03-02,12:00,Mumbai,3,12,25.8,75.4,3.9,32.7,47.3,76.9,0.1,4.3,9.2,55.8,Satisfactory
2022-03-03,00:00,Lucknow,3,0,26.2,84.2,0.8,68.0,132.6,41.4,0.27,27.4,29.4,132.5,Moderate
2022-03-03,12:00,Kanpur,3,12,28.5,82.7,3.8,97.4,184.3,34.5,1.47,28.5,11.4,225.4,Poor
2022-03-04,00:00,Agra,3,0,24.7,100.0,2.4,102.5,160.8,9.8,2.3,6.5,47.9,242.5,Poor
2022-03-04,12:00,Mathura,3,12,27.2,89.8,8.4,25.1,47.4,38.8,0.41,37.9,12.2,39.3,Good
2022-03-05,00:00,Varanasi,3,0,18.9,90.4,0.6,53.4,63.5,18.1,1.36,9.5,16.1,93.1,Satisfactory
2022-03-05,12:00,Allahabad,3,12,26.0,90.7,0.7,125.6,244.8,4.8,1.75,1.8,21.1,302.5,Very Poor
2022-03-06,00:00,Delhi,3,0,25.0,89.2,12.4,98.7,224.3,38.6,0.46,31.9,27.8,228.7,Poor
2022-03-06,12:00,Mumbai,3,12,24.1,100.0,1.9,73.6,120.8,33.2,0.1,34.6,27.2,146.2,Moderate
2022-03-07,00:00,Lucknow,3,0,22.2,87.6,3.2,65.7,123.0,28.1,0.81,8.2,72.3,120.5,Moderate
2022-03-07,12:00,Kanpur,3,12,26.1,88.4,2.9,174.8,286.2,42.5,2.85,25.1,6.9,378.6,Very Poor
2022-03-08,00:00,Agra,3,0,20.6,83.1,5.3,39.8,69.7,33.9,1.11,19.1,60.6,72.3,Satisfactory
2022-03-08,12:00,Mathura,3,12,22.4,99.0,1.1,104.9,257.2,52.4,1.35,11.5,11.7,246.3,Poor
2022-03-09,00:00,Varanasi,3,0,22.9,93.5,6.0,46.4,82.6,37.0,1.37,13.9,13.5,85.2,Satisfactory
2022-03-09,12:00,Allahabad,3,12,20.9,93.5,9.4,28.5,51.1,19.7,1.39,6.3,27.0,49.7,Good
2022-03-10,00:00,Delhi,3,0,26.9,77.9,0.7,73.1,160.6,11.0,2.15,29.8,81.4,146.2,Moderate
2022-03-10,12:00,Mumbai,3,12,28.3,100.0,13.7,111.0,250.7,88.9,1.26,12.3,54.9,269.9,Poor
2022-03-11,00:00,Lucknow,3,0,23.0,96.9,3.7,102.9,212.6,54.9,1.04,17.4,66.7,251.3,Poor
2022-03-11,12:00,Kanpur,3,12,27.6,89.1,14.3,114.6,186.6,10.2,4.81,8.7,13.0,281.5,Poor
2022-03-12,00:00,Agra,3,0,25.6,76.0,13.9,59.6,138.2,15.1,0.34,4.2,18.3,123.9,Moderate
2022-03-12,12:00,Mathura,3,12,23.2,95.5,2.2,48.9,86.1,36.1,1.38,8.8,39.6,99.9,Satisfactory
2022-03-13,00:00,Varanasi,3,0,26.0,75.0,2.7,28.1,39.0,7.0,1.34,20.7,69.5,46.5,Good
2022-03-13,12:00,Allahabad,3,12,15.0,70.3,10.2,128.1,249.8,29.5,0.59,10.2,56.8,307.9,Very Poor
2022-03-14,00:00,Delhi,3,0,23.2,76.6,1.7,78.7,191.7,44.2,0.65,4.5,42.4,159.3,Moderate
2022-03-14,12:00,Mumbai,3,12,23.9,90.4,2.1,91.3,130.0,20.4,0.86,6.7,56.9,207.6,Poor
2022-03-15,00:00,Lucknow,3,0,16.8,80.0,7.2,101.1,148.7,11.5,0.93,7.7,92.6,236.0,Poor
2022-03-15,12:00,Kanpur,3,12,25.7,76.1,1.5,68.7,124.7,61.6,0.53,40.3,30.0,129.5,Moderate
2022-03-16,00:00,Agra,3,0,25.3,87.5,23.1,67.0,125.1,37.1,0.16,1.0,17.2,125.8,Moderate
2022-03-16,12:00,Mathura,3,12,21.6,85.9,1.7,10.1,30.6,60.0,0.64,12.9,12.2,26.4,Good
2022-03-17,00:00,Varanasi,3,0,19.3,87.3,2.9,126.6,228.6,44.4,1.54,16.4,32.7,310.5,Very Poor
2022-03-17,12:00,Allahabad,3,12,25.3,73.7,0.7,174.3,366.7,32.7,1.62,6.9,26.7,377.4,Very Poor
2022-03-18,00:00,Delhi,3,0,26.5,69.5,3.0,82.5,164.2,14.4,0.48,11.4,42.6,176.1,Moderate
2022-03-18,12:00,Mumbai,3,12,26.3,79.9,4.4,66.0,153.3,89.7,0.39,17.0,43.3,138.2,Moderate
2022-03-19,00:00,Lucknow,3,0,26.3,69.4,2.3,108.5,218.2,16.5,0.59,9.8,42.4,270.9,Poor
2022-03-19,12:00,Kanpur,3,12,25.1,87.3,4.4,145.4,332.8,128.8,1.78,19.3,25.6,351.6,Very Poor
2022-03-20,00:00,Agra,3,0,17.0,91.7,3.4,20.6,31.1,49.6,1.86,39.7,41.0,36.6,Good
2022-03-20,12:00,Mathura,3,12,19.4,73.4,1.2,59.9,97.5,14.9,2.39,9.5,31.8,100.3,Moderate
2022-03-21,00:00,Varanasi,3,0,23.4,81.4,7.5,44.1,77.9,65.2,0.29,20.7,17.4,81.7,Satisfactory
2022-03-21,12:00,Allahabad,3,12,26.9,79.5,14.9,66.7,129.1,28.4,0.2,21.7,20.9,114.5,Moderate
2022-03-22,00:00,Delhi,3,0,23.8,86.6,0.5,139.2,303.4,19.5,0.59,5.6,49.5,327.0,Very Poor
2022-03-22,12:00,Mumbai,3,12,29.2,73.6,2.2,112.3,223.7,11.9,0.46,21.8,43.0,271.1,Poor
2022-03-23,00:00,Lucknow,3,0,22.7,93.3,15.8,44.9,110.2,43.0,0.62,6.5,59.9,109.4,Moderate
2022-03-23,12:00,Kanpur,3,12,24.1,63.9,11.6,64.2,90.8,149.9,0.73,44.0,19.5,120.0,Moderate
2022-03-24,00:00,Agra,3,0,24.5,92.7,1.3,30.4,67.9,27.4,0.94,2.5,40.8,62.3,Satisfactory
2022-03-24,12:00,Mathura,3,12,19.1,92.1,0.9,82.9,166.4,50.4,0.68,18.3,147.1,180.8,Moderate
2022-03-25,00:00,Varanasi,3,0,20.3,100.0,2.3,38.7,64.5,32.6,0.92,1.0,68.5,66.9,Satisfactory
2022-03-25,12:00,Allahabad,3,12,30.2,92.0,6.7,105.7,224.0,48.3,0.16,29.1,18.7,248.3,Poor
2022-03-26,00:00,Delhi,3,0,20.4,87.6,6.9,172.0,319.3,39.8,1.42,64.3,99.1,379.8,Very Poor
2022-03-26,12:00,Mumbai,3,12,27.3,95.1,2.8,40.5,85.9,26.9,0.35,9.2,27.0,77.7,Satisfactory
2022-03-27,00:00,Lucknow,3,0,19.6,71.4,8.5,146.7,341.1,36.5,0.1,36.3,9.9,345.2,Very Poor
2022-03-27,12:00,Kanpur,3,12,25.2,78.2,4.0,115.4,257.6,47.7,2.66,18.3,34.3,292.2,Poor
2022-03-28,00:00,Agra,3,0,31.8,81.0,15.1,35.8,63.7,12.8,0.1,15.1,18.0,72.1,Satisfactory
2022-03-28,12:00,Mathura,3,12,25.4,79.1,14.3,25.0,43.0,47.6,0.72,33.4,107.1,47.4,Good
2022-03-29,00:00,Varanasi,3,0,26.7,72.2,7.2,108.9,182.1,26.8,0.5,3.7,119.9,264.3,Poor
2022-03-29,12:00,Allahabad,3,12,22.8,85.1,0.5,195.5,404.1,8.6,2.11,12.2,38.3,406.1,Severe
2022-03-30,00:00,Delhi,3,0,28.5,98.9,3.6,5.0,10.0,39.5,0.26,33.1,26.5,3.4,Good
2022-03-30,12:00,Mumbai,3,12,26.5,81.5,12.1,38.3,99.8,17.1,2.79,20.9,30.3,88.7,Satisfactory
2022-03-31,00:00,Lucknow,3,0,26.5,60.1,40.0,64.2,118.6,3.1,0.21,19.1,99.5,111.9,Moderate
2022-03-31,12:00,Kanpur,3,12,20.1,89.3,5.2,205.6,422.7,49.7,0.18,20.7,20.2,425.5,Severe
2022-04-01,00:00,Agra,4,0,33.2,74.1,6.8,57.3,106.5,26.0,1.89,19.9,22.3,96.1,Satisfactory
2022-04-01,12:00,Mathura,4,12,27.8,100.0,5.9,65.9,130.0,27.5,2.64,3.4,31.5,125.8,Moderate
2022-04-02,00:00,Varanasi,4,0,33.5,79.4,2.5,35.0,58.6,37.7,1.69,14.3,56.4,61.5,Satisfactory
2022-04-02,12:00,Allahabad,4,12,33.6,73.4,7.3,30.2,73.7,13.9,0.36,11.4,15.2,76.1,Satisfactory
2022-04-03,00:00,Delhi,4,0,32.1,86.2,2.8,57.9,111.1,20.2,0.63,20.0,53.3,108.4,Moderate
2022-04-03,12:00,Mumbai,4,12,29.4,81.9,2.6,79.3,206.5,11.5,0.79,29.0,24.2,170.5,Moderate
2022-04-04,00:00,Lucknow,4,0,36.1,80.8,3.8,64.4,109.7,83.8,0.69,18.1,70.4,118.6,Moderate
2022-04-04,12:00,Kanpur,4,12,31.8,72.4,9.6,182.4,317.6,54.2,1.23,19.3,13.7,395.7,Very Poor
2022-04-05,00:00,Agra,4,0,42.2,100.0,1.3,54.0,117.4,18.6,1.46,4.2,37.7,112.6,Moderate
2022-04-05,12:00,Mathura,4,12,31.8,87.8,0.5,48.0,64.9,47.9,0.76,10.3,5.0,82.1,Satisfactory
2022-04-06,00:00,Varanasi,4,0,36.3,77.2,3.6,130.7,306.5,29.7,0.78,6.3,6.0,322.4,Very Poor
2022-04-06,12:00,Allahabad,4,12,31.0,73.8,0.5,37.1,75.9,66.9,0.11,3.0,40.0,72.0,Satisfactory
2022-04-07,00:00,Delhi,4,0,33.5,86.5,5.4,45.2,108.5,28.5,0.48,1.0,41.6,106.8,Moderate
2022-04-07,12:00,Mumbai,4,12,26.6,88.2,7.1,94.5,178.4,19.0,0.7,21.7,24.6,222.5,Poor
2022-04-08,00:00,Lucknow,4,0,30.8,93.6,1.7,19.8,54.4,20.0,0.35,32.0,24.9,60.2,Satisfactory
2022-04-08,12:00,Kanpur,4,12,28.4,97.7,2.0,154.3,340.8,37.3,1.11,8.7,15.3,348.3,Very Poor
2022-04-09,00:00,Agra,4,0,32.4,86.4,1.5,47.0,88.1,29.0,0.49,1.0,44.1,93.1,Satisfactory
2022-04-09,12:00,Mathura,4,12,33.2,66.3,8.4,52.1,119.4,11.4,1.29,10.9,27.7,114.6,Moderate
2022-04-10,00:00,Varanasi,4,0,34.2,89.5,15.9,70.8,148.2,65.6,0.32,2.4,39.1,136.2,Moderate
2022-04-10,12:00,Allahabad,4,12,34.1,91.1,4.2,71.8,100.4,57.3,0.42,54.2,33.8,137.1,Moderate
2022-04-11,00:00,Delhi,4,0,33.1,91.7,6.2,49.5,90.2,44.5,0.29,65.2,41.2,86.7,Satisfactory
2022-04-11,12:00,Mumbai,4,12,38.2,82.1,2.0,93.6,172.4,133.2,0.59,14.9,43.3,211.6,Poor
2022-04-12,00:00,Lucknow,4,0,40.0,61.1,5.8,64.1,106.7,82.7,1.0,8.0,25.8,113.3,Moderate
2022-04-12,12:00,Kanpur,4,12,32.2,98.7,0.5,100.5,147.5,24.6,0.81,27.7,20.9,235.2,Poor
2022-04-13,00:00,Agra,4,0,39.0,67.4,7.2,15.3,30.7,22.8,1.3,48.6,69.8,30.5,Good
2022-04-13,12:00,Mathura,4,12,35.3,100.0,1.8,114.9,230.4,44.1,0.59,17.3,84.0,284.4,Poor
2022-04-14,00:00,Varanasi,4,0,29.6,84.8,3.2,82.7,137.7,65.4,0.73,9.1,24.3,183.4,Moderate
2022-04-14,12:00,Allahabad,4,12,31.4,82.1,0.5,154.2,253.3,37.5,1.24,47.8,12.8,350.5,Very Poor
2022-04-15,00:00,Delhi,4,0,32.1,82.4,3.3,26.5,68.9,18.8,1.09,7.1,5.0,73.2,Satisfactory
2022-04-15,12:00,Mumbai,4,12,32.1,78.4,4.4,41.4,74.0,39.3,1.87,46.5,34.4,76.2,Satisfactory
2022-04-16,00:00,Lucknow,4,0,35.2,81.7,10.0,113.4,198.4,15.0,0.94,13.4,29.1,284.7,Poor
2022-04-16,12:00,Kanpur,4,12,26.9,82.8,2.8,77.5,136.1,22.9,1.0,29.8,35.6,157.1,Moderate
2022-04-17,00:00,Agra,4,0,33.3,76.6,2.8,41.4,78.3,37.6,0.49,14.1,42.8,81.8,Satisfactory
2022-04-17,12:00,Mathura,4,12,30.5,65.9,40.0,71.0,122.4,2.0,0.96,11.1,99.0,147.2,Moderate
2022-04-18,00:00,Varanasi,4,0,39.3,69.9,32.4,52.9,91.0,77.5,1.78,1.0,39.1,82.0,Satisfactory
2022-04-18,12:00,Allahabad,4,12,35.2,75.8,1.4,114.6,244.9,39.2,1.29,57.9,23.9,280.3,Poor
2022-04-19,00:00,Delhi,4,0,34.1,74.1,15.4,16.4,27.3,13.3,0.1,1.0,5.0,33.2,Good
2022-04-19,12:00,Mumbai,4,12,35.4,73.9,7.7,78.0,139.6,29.8,2.05,8.0,15.9,157.6,Moderate
2022-04-20,00:00,Lucknow,4,0,28.8,84.6,24.4,46.2,83.7,37.5,2.02,12.9,5.0,80.3,Satisfactory
2022-04-20,12:00,Kanpur,4,12,35.6,75.7,2.6,164.4,335.4,66.7,0.12,26.7,16.1,359.2,Very Poor
2022-04-21,00:00,Agra,4,0,32.3,81.8,3.3,13.6,31.9,33.7,1.3,12.7,114.4,29.2,Good
2022-04-21,12:00,Mathura,4,12,32.6,74.9,3.5,73.8,163.1,22.8,0.27,32.1,18.8,144.5,Moderate
2022-04-22,00:00,Varanasi,4,0,30.6,87.4,8.1,42.4,98.1,38.1,0.97,27.8,88.5,97.5,Satisfactory
2022-04-22,12:00,Allahabad,4,12,35.0,80.5,9.8,56.3,107.9,61.7,1.26,16.1,70.1,101.3,Moderate
2022-04-23,00:00,Delhi,4,0,35.3,74.0,7.3,54.2,132.1,2.0,1.99,34.0,32.7,125.0,Moderate
2022-04-23,12:00,Mumbai,4,12,34.5,62.3,5.4,40.0,82.4,18.0,2.16,13.7,5.0,86.5,Satisfactory
2022-04-24,00:00,Lucknow,4,0,36.7,97.2,8.9,68.9,108.8,47.2,0.34,18.3,59.9,127.9,Moderate
2022-04-24,12:00,Kanpur,4,12,34.8,67.7,13.9,168.2,374.9,27.2,2.01,6.4,59.1,372.2,Very Poor
2022-04-25,00:00,Agra,4,0,26.9,83.9,3.0,52.9,73.2,20.9,0.9,18.9,11.9,87.5,Satisfactory
2022-04-25,12:00,Mathura,4,12,29.8,77.5,0.9,82.6,188.7,113.0,0.36,33.1,40.7,170.0,Moderate
2022-04-26,00:00,Varanasi,4,0,34.9,79.8,13.0,61.9,105.8,2.0,0.85,9.8,43.8,111.6,Moderate
2022-04-26,12:00,Allahabad,4,12,29.6,80.9,5.5,60.4,136.5,97.7,0.82,4.0,52.6,123.6,Moderate
2022-04-27,00:00,Delhi,4,0,34.9,75.8,3.3,49.9,94.3,21.3,1.82,15.1,68.2,97.2,Satisfactory
2022-04-27,12:00,Mumbai,4,12,36.6,67.9,0.5,74.8,144.9,72.1,1.32,36.4,18.6,139.8,Moderate
2022-04-28,00:00,Lucknow,4,0,36.8,76.5,1.2,35.2,69.6,12.8,1.32,19.2,48.4,68.2,Satisfactory
2022-04-28,12:00,Kanpur,4,12,30.7,100.0,2.9,125.5,293.0,138.0,0.39,26.9,32.0,304.1,Very Poor
2022-04-29,00:00,Agra,4,0,32.9,73.7,8.3,39.3,72.2,38.5,0.91,15.7,14.0,76.3,Satisfactory
2022-04-29,12:00,Mathura,4,12,35.8,90.3,0.5,87.9,185.1,16.1,0.22,1.0,63.2,195.3,Moderate
2022-04-30,00:00,Varanasi,4,0,31.0,76.8,8.3,60.2,132.9,35.1,0.88,7.0,26.9,134.7,Moderate
2022-04-30,12:00,Allahabad,4,12,36.1,88.9,6.1,81.7,157.1,18.0,3.35,21.9,42.7,172.8,Moderate
2022-05-01,00:00,Delhi,5,0,39.7,74.4,2.6,15.8,36.9,21.7,0.58,7.6,42.1,29.4,Good
2022-05-01,12:00,Mumbai,5,12,41.8,65.8,9.1,75.9,127.3,30.4,0.23,7.6,54.1,158.7,Moderate
2022-05-02,00:00,Lucknow,5,0,37.0,39.7,6.9,22.4,52.6,96.8,0.76,6.2,13.4,56.0,Satisfactory
2022-05-02,12:00,Kanpur,5,12,32.1,52.0,3.4,106.8,179.2,97.1,2.95,3.6,37.3,251.9,Poor
2022-05-03,00:00,Agra,5,0,41.5,72.2,0.9,18.3,35.4,31.0,0.46,15.1,15.1,42.1,Good
2022-05-03,12:00,Mathura,5,12,36.0,64.4,0.5,59.3,125.3,26.3,0.57,8.0,39.2,122.4,Moderate
2022-05-04,00:00,Varanasi,5,0,38.4,71.1,1.9,14.5,10.0,14.5,0.39,20.0,46.3,15.8,Good
2022-05-04,12:00,Allahabad,5,12,37.0,70.1,25.5,42.3,79.5,68.9,1.29,8.4,24.2,83.1,Satisfactory
2022-05-05,00:00,Delhi,5,0,35.5,60.3,4.6,44.6,96.8,11.7,0.34,5.7,7.3,98.4,Satisfactory
2022-05-05,12:00,Mumbai,5,12,42.0,53.9,21.5,20.5,61.6,53.7,0.4,32.4,56.5,61.7,Satisfactory
2022-05-06,00:00,Lucknow,5,0,41.3,50.6,9.9,73.9,117.9,22.5,1.46,6.1,40.6,152.8,Moderate
2022-05-06,12:00,Kanpur,5,12,34.2,80.4,2.6,60.6,132.8,71.6,1.35,26.2,24.4,121.5,Moderate
2022-05-07,00:00,Agra,5,0,35.2,83.7,17.0,9.6,10.0,11.9,0.86,11.4,40.6,20.8,Good
2022-05-07,12:00,Mathura,5,12,38.2,69.1,5.7,13.4,21.5,38.6,2.68,4.4,12.8,15.9,Good
2022-05-08,00:00,Varanasi,5,0,41.1,77.4,6.0,32.8,63.3,12.0,0.42,3.8,10.4,70.5,Satisfactory
2022-05-08,12:00,Allahabad,5,12,38.0,60.1,19.9,119.9,301.3,35.5,3.44,6.9,24.5,299.6,Poor
2022-05-09,00:00,Delhi,5,0,32.6,65.9,17.3,9.8,26.2,3.9,1.4,4.9,39.0,26.1,Good
2022-05-09,12:00,Mumbai,5,12,38.9,60.7,26.2,44.9,84.1,61.8,0.32,1.5,77.5,80.8,Satisfactory
2022-05-10,00:00,Lucknow,5,0,37.9,84.5,40.0,49.6,81.0,10.2,0.11,4.2,63.5,84.2,Satisfactory
2022-05-10,12:00,Kanpur,5,12,38.2,76.5,4.2,78.9,165.9,143.4,0.99,1.0,10.4,161.8,Moderate
2022-05-11,00:00,Agra,5,0,35.2,66.0,0.9,57.6,145.7,27.3,0.92,1.2,21.6,128.3,Moderate
2022-05-11,12:00,Mathura,5,12,39.6,82.8,6.5,40.5,85.7,26.0,1.16,7.7,51.6,76.3,Satisfactory
2022-05-12,00:00,Varanasi,5,0,36.0,98.0,0.5,51.4,93.9,5.9,0.23,17.0,86.9,95.1,Satisfactory
2022-05-12,12:00,Allahabad,5,12,36.7,70.5,3.4,71.0,156.2,6.3,1.31,1.9,20.2,139.4,Moderate
2022-05-13,00:00,Delhi,5,0,37.5,82.5,8.1,161.7,275.3,21.2,1.24,12.6,23.2,363.7,Very Poor
2022-05-13,12:00,Mumbai,5,12,35.2,100.0,15.2,25.9,62.7,17.0,1.15,18.0,27.2,63.4,Satisfactory
2022-05-14,00:00,Lucknow,5,0,42.4,69.5,5.4,57.5,142.4,6.6,0.1,4.6,5.0,130.3,Moderate
2022-05-14,12:00,Kanpur,5,12,39.2,84.4,0.9,48.6,79.4,48.6,3.02,24.7,5.0,84.8,Satisfactory
2022-05-15,00:00,Agra,5,0,34.8,75.3,15.0,85.6,148.4,51.4,0.25,10.6,55.5,184.1,Moderate
2022-05-15,12:00,Mathura,5,12,41.2,71.2,2.1,28.7,72.5,18.3,0.17,3.0,70.9,65.0,Satisfactory
2022-05-16,00:00,Varanasi,5,0,35.9,54.3,1.0,58.6,119.6,7.7,1.06,7.5,49.8,105.4,Moderate
2022-05-16,12:00,Allahabad,5,12,36.3,69.2,33.0,140.4,259.2,56.8,1.16,2.1,26.5,327.6,Very Poor
2022-05-17,00:00,Delhi,5,0,37.4,57.5,5.0,73.5,145.5,8.9,0.7,42.0,24.6,140.2,Moderate
2022-05-17,12:00,Mumbai,5,12,40.1,71.0,0.8,77.4,141.7,4.0,0.15,14.3,9.3,162.0,Moderate
2022-05-18,00:00,Lucknow,5,0,32.3,75.6,5.1,43.6,89.4,9.9,1.45,3.1,58.6,89.4,Satisfactory
2022-05-18,12:00,Kanpur,5,12,35.1,68.5,4.1,125.1,245.2,30.1,0.84,12.5,41.7,308.4,Very Poor
2022-05-19,00:00,Agra,5,0,36.2,66.2,3.8,23.8,57.2,17.1,0.14,7.1,88.0,53.7,Satisfactory
2022-05-19,12:00,Mathura,5,12,32.1,69.8,11.6,11.3,23.5,25.9,1.09,41.0,5.0,23.7,Good
2022-05-20,00:00,Varanasi,5,0,30.8,80.0,34.1,19.1,58.9,7.2,0.3,1.6,55.5,60.0,Satisfactory
2022-05-20,12:00,Allahabad,5,12,38.9,75.4,2.6,15.8,21.9,30.0,1.79,2.8,17.0,18.8,Good
2022-05-21,00:00,Delhi,5,0,35.8,65.9,2.6,36.3,68.9,37.2,0.44,26.8,28.7,61.3,Satisfactory
2022-05-21,12:00,Mumbai,5,12,34.0,93.9,16.1,29.7,59.3,58.8,0.39,3.3,30.1,60.0,Satisfactory
2022-05-22,00:00,Lucknow,5,0,36.1,80.0,23.6,118.2,188.6,19.9,0.68,1.0,39.4,304.4,Very Poor
2022-05-22,12:00,Kanpur,5,12,35.5,84.7,8.3,35.2,65.3,96.2,1.79,1.0,49.0,70.9,Satisfactory
2022-05-23,00:00,Agra,5,0,39.2,74.7,5.8,33.3,78.6,15.9,0.57,8.9,41.1,76.8,Satisfactory
2022-05-23,12:00,Mathura,5,12,37.8,60.0,10.7,69.5,105.7,48.6,1.7,3.2,35.2,139.3,Moderate
2022-05-24,00:00,Varanasi,5,0,40.3,55.1,14.5,90.9,184.1,17.2,0.54,10.4,15.2,201.7,Poor
2022-05-24,12:00,Allahabad,5,12,35.8,79.8,18.6,22.5,41.0,143.6,0.66,7.5,42.3,41.3,Good
2022-05-25,00:00,Delhi,5,0,36.3,57.6,4.3,49.2,75.1,28.2,1.04,7.0,49.9,81.9,Satisfactory
2022-05-25,12:00,Mumbai,5,12,31.9,78.0,5.7,84.2,163.7,9.2,0.61,6.4,47.9,171.3,Moderate
2022-05-26,00:00,Lucknow,5,0,36.7,89.7,3.0,52.6,118.2,2.0,0.62,5.1,34.2,122.7,Moderate
2022-05-26,12:00,Kanpur,5,12,34.3,77.7,4.0,21.3,46.1,37.0,1.14,2.1,42.3,44.4,Good
2022-05-27,00:00,Agra,5,0,36.4,81.0,17.3,10.1,10.0,16.1,0.45,13.4,10.9,16.9,Good
2022-05-27,12:00,Mathura,5,12,40.1,60.2,0.5,36.2,109.6,67.9,0.15,9.1,22.8,104.1,Moderate
2022-05-28,00:00,Varanasi,5,0,38.9,70.1,13.5,92.4,181.6,4.4,1.46,5.7,56.6,204.6,Poor
2022-05-28,12:00,Allahabad,5,12,43.5,78.5,2.9,31.4,49.4,68.9,1.49,5.0,12.5,47.2,Good
2022-05-29,00:00,Delhi,5,0,33.5,51.3,2.6,52.8,86.4,31.2,0.1,10.6,70.8,87.4,Satisfactory
2022-05-29,12:00,Mumbai,5,12,37.5,74.7,2.3,29.3,49.8,11.5,2.23,10.6,16.1,58.1,Satisfactory
2022-05-30,00:00,Lucknow,5,0,35.8,64.2,6.7,61.4,126.0,9.6,1.11,11.7,71.0,112.7,Moderate
2022-05-30,12:00,Kanpur,5,12,30.3,71.5,6.5,99.8,228.0,19.2,1.43,5.0,5.0,229.1,Poor
2022-05-31,00:00,Agra,5,0,40.0,74.2,20.2,40.2,79.2,10.4,0.1,25.9,136.1,78.6,Satisfactory
2022-05-31,12:00,Mathura,5,12,37.1,68.5,5.5,75.3,122.7,6.2,0.41,23.3,34.2,161.7,Moderate
2022-06-01,00:00,Varanasi,6,0,37.6,81.1,2.3,59.7,135.8,35.3,0.51,11.1,37.8,125.8,Moderate
2022-06-01,12:00,Allahabad,6,12,41.5,50.0,0.5,148.4,288.5,36.4,1.22,25.1,60.6,339.3,Very Poor
2022-06-02,00:00,Delhi,6,0,41.7,45.0,2.1,82.9,155.7,46.3,1.57,14.2,60.9,177.8,Moderate
2022-06-02,12:00,Mumbai,6,12,41.2,84.9,3.5,38.8,72.0,14.6,0.1,3.9,8.9,69.0,Satisfactory
2022-06-03,00:00,Lucknow,6,0,40.5,65.9,14.4,61.7,152.6,20.0,0.1,28.4,74.0,136.1,Moderate
2022-06-03,12:00,Kanpur,6,12,43.1,86.4,7.9,105.7,230.8,15.6,0.67,12.8,37.5,247.6,Poor
2022-06-04,00:00,Agra,6,0,43.9,67.4,4.9,77.3,170.2,41.4,0.11,10.5,48.4,157.4,Moderate
2022-06-04,12:00,Mathura,6,12,37.4,60.7,6.0,82.4,191.8,35.8,0.33,4.6,45.5,170.2,Moderate
2022-06-05,00:00,Varanasi,6,0,41.4,52.4,6.2,44.0,113.5,16.9,0.43,24.2,15.9,119.3,Moderate
2022-06-05,12:00,Allahabad,6,12,40.1,52.0,3.0,31.8,70.5,4.0,0.97,40.4,103.3,68.7,Satisfactory
2022-06-06,00:00,Delhi,6,0,38.2,52.8,1.0,36.4,61.7,17.1,0.62,24.9,23.9,52.9,Satisfactory
2022-06-06,12:00,Mumbai,6,12,36.0,56.0,18.6,37.5,91.8,15.4,0.73,24.3,39.0,86.6,Satisfactory
2022-06-07,00:00,Lucknow,6,0,38.0,69.6,7.0,5.0,10.0,37.7,0.25,17.7,108.0,0.7,Good
2022-06-07,12:00,Kanpur,6,12,38.5,65.6,2.9,32.6,62.7,88.2,2.09,10.4,15.7,61.6,Satisfactory
2022-06-08,00:00,Agra,6,0,39.4,35.1,23.6,55.9,91.9,5.8,0.18,12.4,53.1,100.3,Moderate
2022-06-08,12:00,Mathura,6,12,36.3,51.6,1.0,195.7,400.5,5.8,0.45,22.5,19.7,421.7,Severe
2022-06-09,00:00,Varanasi,6,0,42.9,64.9,1.8,21.0,43.3,8.7,0.71,16.3,19.3,36.0,Good
2022-06-09,12:00,Allahabad,6,12,42.0,66.7,4.4,80.9,130.6,7.1,0.61,31.7,52.5,174.4,Moderate
2022-06-10,00:00,Delhi,6,0,39.8,60.3,16.3,134.5,291.2,64.5,0.73,14.6,9.4,315.4,Very Poor
2022-06-10,12:00,Mumbai,6,12,38.4,71.2,9.1,34.7,62.3,14.3,2.35,10.9,47.4,59.5,Satisfactory
2022-06-11,00:00,Lucknow,6,0,48.3,49.6,10.2,39.5,59.8,67.3,1.46,1.1,5.0,64.3,Satisfactory
2022-06-11,12:00,Kanpur,6,12,40.9,53.2,6.2,72.6,188.8,36.2,0.28,12.0,46.5,163.4,Moderate
2022-06-12,00:00,Agra,6,0,34.2,60.0,40.0,28.4,56.8,14.3,0.1,17.1,52.6,58.1,Satisfactory
2022-06-12,12:00,Mathura,6,12,44.4,49.7,0.5,68.5,126.2,15.5,0.8,9.8,5.0,131.7,Moderate
2022-06-13,00:00,Varanasi,6,0,37.6,75.0,5.7,28.5,48.5,12.0,0.47,22.1,63.8,45.5,Good
2022-06-13,12:00,Allahabad,6,12,40.1,67.4,3.3,54.3,77.6,13.0,0.13,5.9,7.3,88.2,Satisfactory
2022-06-14,00:00,Delhi,6,0,41.6,53.4,0.5,14.2,17.9,8.1,0.91,17.9,18.8,24.3,Good
2022-06-14,12:00,Mumbai,6,12,44.2,57.7,7.9,46.7,96.8,24.6,0.38,1.0,112.4,99.4,Satisfactory
2022-06-15,00:00,Lucknow,6,0,36.3,74.2,9.7,26.8,48.0,80.4,0.93,1.0,36.2,48.0,Good
2022-06-15,12:00,Kanpur,6,12,38.7,62.0,1.2,106.7,221.9,60.7,0.8,5.4,43.8,250.6,Poor
2022-06-16,00:00,Agra,6,0,40.0,50.2,6.5,55.2,133.9,19.9,1.41,9.9,6.6,124.5,Moderate
2022-06-16,12:00,Mathura,6,12,41.5,59.7,11.2,156.1,243.4,51.3,0.32,16.6,84.3,346.0,Very Poor
2022-06-17,00:00,Varanasi,6,0,36.3,65.1,5.5,89.6,157.9,5.5,0.48,3.9,70.1,192.6,Moderate
2022-06-17,12:00,Allahabad,6,12,46.6,67.7,6.4,51.4,75.1,24.0,1.2,3.5,50.3,87.1,Satisfactory
2022-06-18,00:00,Delhi,6,0,36.6,51.8,0.5,25.7,60.4,10.5,0.44,7.0,5.0,56.3,Satisfactory
2022-06-18,12:00,Mumbai,6,12,45.4,65.5,7.4,26.7,54.6,27.0,0.38,12.7,57.8,53.4,Satisfactory
2022-06-19,00:00,Lucknow,6,0,35.2,41.3,0.5,44.2,56.6,28.0,1.69,21.0,7.7,72.7,Satisfactory
2022-06-19,12:00,Kanpur,6,12,40.8,67.2,1.2,72.4,122.4,13.4,1.58,31.4,39.4,136.4,Moderate
2022-06-20,00:00,Agra,6,0,43.5,59.2,20.8,54.6,102.7,12.9,1.08,25.8,15.1,108.0,Moderate
2022-06-20,12:00,Mathura,6,12,39.8,77.4,13.0,88.3,178.4,2.0,0.5,7.7,54.4,195.8,Moderate
2022-06-21,00:00,Varanasi,6,0,42.2,59.6,8.7,67.7,129.3,2.0,0.92,4.0,31.9,125.0,Moderate
2022-06-21,12:00,Allahabad,6,12,41.1,40.6,15.0,18.2,44.4,27.4,1.31,12.3,91.6,43.6,Good
2022-06-22,00:00,Delhi,6,0,36.4,76.8,2.6,26.6,74.0,50.6,0.24,20.9,5.0,73.5,Satisfactory
2022-06-22,12:00,Mumbai,6,12,44.2,75.4,15.6,105.9,206.6,2.0,0.41,1.0,5.8,251.1,Poor
2022-06-23,00:00,Lucknow,6,0,38.8,58.3,5.4,87.6,179.2,10.8,0.53,6.8,52.5,193.9,Moderate
2022-06-23,12:00,Kanpur,6,12,36.5,69.3,2.2,16.3,25.7,13.4,1.86,4.4,59.5,18.5,Good
2022-06-24,00:00,Agra,6,0,40.1,76.9,0.8,65.2,150.5,21.4,0.53,7.0,6.7,142.1,Moderate
2022-06-24,12:00,Mathura,6,12,38.2,48.1,2.7,69.8,138.2,29.2,2.22,8.3,27.5,135.5,Moderate
2022-06-25,00:00,Varanasi,6,0,37.9,54.6,35.2,32.2,51.1,20.7,0.68,11.6,28.3,46.4,Good
2022-06-25,12:00,Allahabad,6,12,41.8,58.8,1.0,43.1,112.3,6.7,1.05,11.2,27.5,117.1,Moderate
2022-06-26,00:00,Delhi,6,0,39.6,58.7,40.0,12.0,38.7,11.9,1.65,3.1,18.6,36.8,Good
2022-06-26,12:00,Mumbai,6,12,42.1,46.7,4.4,86.3,174.1,36.9,0.92,13.4,34.5,187.5,Moderate
2022-06-27,00:00,Lucknow,6,0,39.8,68.3,0.5,46.8,81.4,14.8,0.59,29.8,85.3,77.6,Satisfactory
2022-06-27,12:00,Kanpur,6,12,36.6,45.1,1.4,37.6,74.3,64.9,2.58,9.0,34.5,65.9,Satisfactory
2022-06-28,00:00,Agra,6,0,42.1,57.7,16.9,61.2,139.5,35.3,2.09,33.3,36.1,128.6,Moderate
2022-06-28,12:00,Mathura,6,12,36.6,48.4,1.1,57.8,91.2,56.0,0.1,25.6,55.2,88.2,Satisfactory
2022-06-29,00:00,Varanasi,6,0,41.7,40.9,4.3,61.1,154.4,14.9,0.59,28.1,10.9,144.9,Moderate
2022-06-29,12:00,Allahabad,6,12,33.8,72.1,7.5,34.7,86.7,22.4,1.36,3.0,14.9,80.6,Satisfactory
2022-06-30,00:00,Delhi,6,0,40.2,77.7,5.1,47.7,88.9,110.3,0.39,8.2,14.9,79.4,Satisfactory
2022-06-30,12:00,Mumbai,6,12,39.6,36.3,7.4,65.7,113.0,23.4,0.43,4.6,73.3,126.6,Moderate
2022-07-01,00:00,Lucknow,7,0,38.2,41.9,5.5,26.6,38.3,12.9,0.1,9.3,49.5,49.0,Good
2022-07-01,12:00,Kanpur,7,12,36.2,36.5,5.2,95.4,159.0,19.9,3.02,9.5,53.8,221.8,Poor
2022-07-02,00:00,Agra,7,0,42.1,51.1,6.2,19.0,25.6,20.0,0.49,4.1,48.0,29.5,Good
2022-07-02,12:00,Mathura,7,12,37.3,56.1,37.3,87.0,221.4,11.0,0.18,17.6,105.3,193.0,Moderate
2022-07-03,00:00,Varanasi,7,0,36.2,63.1,7.0,5.0,10.0,12.3,0.57,14.4,63.4,9.4,Good
2022-07-03,12:00,Allahabad,7,12,38.9,50.4,2.0,16.8,31.0,12.0,1.41,3.8,74.7,40.1,Good
2022-07-04,00:00,Delhi,7,0,37.7,54.0,11.6,51.4,113.1,24.7,0.34,7.0,49.4,114.2,Moderate
2022-07-04,12:00,Mumbai,7,12,37.3,61.9,8.2,20.7,53.9,14.7,1.8,19.7,65.4,47.9,Good
2022-07-05,00:00,Lucknow,7,0,37.3,45.9,14.7,33.1,53.1,6.2,0.3,17.4,34.7,53.8,Satisfactory
2022-07-05,12:00,Kanpur,7,12,35.7,49.7,8.9,6.8,24.6,17.4,1.28,23.5,6.6,33.5,Good
2022-07-06,00:00,Agra,7,0,44.8,53.7,36.9,27.0,49.3,16.4,0.24,1.7,83.8,44.7,Good
2022-07-06,12:00,Mathura,7,12,38.4,42.5,12.0,72.8,151.8,4.4,0.37,15.4,104.5,146.1,Moderate
2022-07-07,00:00,Varanasi,7,0,34.3,67.3,12.4,22.1,61.0,7.4,0.66,10.3,34.9,62.0,Satisfactory
2022-07-07,12:00,Allahabad,7,12,32.5,61.4,16.3,41.6,70.2,31.0,0.54,12.4,72.2,69.4,Satisfactory
2022-07-08,00:00,Delhi,7,0,32.9,53.8,40.0,31.2,61.4,14.8,0.59,3.0,10.1,64.5,Satisfactory
2022-07-08,12:00,Mumbai,7,12,35.2,43.0,8.0,32.4,72.1,27.9,1.48,5.3,43.0,77.8,Satisfactory
2022-07-09,00:00,Lucknow,7,0,34.8,37.0,18.9,19.5,29.2,2.0,0.1,7.9,58.7,36.7,Good
2022-07-09,12:00,Kanpur,7,12,41.9,36.4,0.5,57.9,119.7,30.5,1.0,10.1,8.8,118.1,Moderate
2022-07-10,00:00,Agra,7,0,37.2,39.8,11.0,23.0,45.2,38.4,0.43,5.5,35.3,46.3,Good
2022-07-10,12:00,Mathura,7,12,36.6,35.7,7.2,37.2,74.5,27.6,0.47,8.0,5.0,68.8,Satisfactory
2022-07-11,00:00,Varanasi,7,0,39.1,34.6,10.0,10.5,20.5,26.1,1.42,11.8,72.5,27.1,Good
2022-07-11,12:00,Allahabad,7,12,37.9,38.8,0.7,28.3,51.4,7.7,0.36,12.4,27.7,52.2,Satisfactory
2022-07-12,00:00,Delhi,7,0,30.9,35.4,6.5,17.5,32.1,37.2,0.12,3.9,52.8,27.9,Good
2022-07-12,12:00,Mumbai,7,12,39.8,39.9,6.3,23.7,39.1,4.8,0.59,6.4,24.3,37.9,Good
2022-07-13,00:00,Lucknow,7,0,35.1,58.5,11.1,39.5,56.7,4.6,0.73,16.3,12.7,72.0,Satisfactory
2022-07-13,12:00,Kanpur,7,12,35.4,57.2,5.0,72.7,134.4,38.2,0.1,16.5,8.4,132.7,Moderate
2022-07-14,00:00,Agra,7,0,34.4,45.1,12.7,51.7,136.0,9.1,0.37,5.8,11.5,120.6,Moderate
2022-07-14,12:00,Mathura,7,12,35.8,45.4,2.8,46.9,101.9,31.1,0.42,5.8,67.6,95.2,Satisfactory
2022-07-15,00:00,Varanasi,7,0,39.3,56.0,4.9,50.5,75.7,23.4,0.31,3.1,13.2,78.4,Satisfactory
2022-07-15,12:00,Allahabad,7,12,39.6,40.9,4.3,27.8,56.3,14.8,1.59,10.0,37.1,57.2,Satisfactory
2022-07-16,00:00,Delhi,7,0,38.3,30.8,0.5,27.1,55.2,47.6,0.87,30.5,15.0,60.2,Satisfactory
2022-07-16,12:00,Mumbai,7,12,35.8,48.0,11.5,29.2,49.4,31.2,1.37,24.0,65.6,53.5,Satisfactory
2022-07-17,00:00,Lucknow,7,0,35.3,50.9,40.0,31.6,63.6,13.0,0.58,8.0,19.2,63.4,Satisfactory
2022-07-17,12:00,Kanpur,7,12,40.2,47.9,13.4,18.4,32.3,4.9,0.22,2.3,92.0,31.4,Good
2022-07-18,00:00,Agra,7,0,38.5,43.5,35.2,21.7,57.8,26.9,0.82,3.7,57.1,69.6,Satisfactory
2022-07-18,12:00,Mathura,7,12,32.9,42.5,23.3,94.2,143.5,15.8,0.67,3.4,16.0,215.6,Poor
2022-07-19,00:00,Varanasi,7,0,33.7,41.1,2.9,49.8,112.7,11.7,0.36,8.0,48.7,105.9,Moderate
2022-07-19,12:00,Allahabad,7,12,37.8,33.9,18.4,47.1,104.9,9.8,0.81,4.8,32.7,101.8,Moderate
2022-07-20,00:00,Delhi,7,0,33.5,36.2,2.5,36.0,67.6,26.7,0.79,1.0,26.1,72.1,Satisfactory
2022-07-20,12:00,Mumbai,7,12,38.9,54.9,5.4,30.5,51.9,2.0,0.79,22.4,9.1,51.4,Satisfactory
2022-07-21,00:00,Lucknow,7,0,32.1,50.4,4.4,28.3,59.7,32.1,0.51,15.3,9.9,62.2,Satisfactory
2022-07-21,12:00,Kanpur,7,12,43.9,54.7,5.6,53.3,94.4,40.1,0.27,26.2,59.4,96.2,Satisfactory
2022-07-22,00:00,Agra,7,0,35.0,54.7,4.8,6.2,10.0,13.1,0.25,6.8,39.0,3.7,Good
2022-07-22,12:00,Mathura,7,12,36.3,47.0,0.5,41.1,84.2,16.5,0.17,27.3,28.4,84.2,Satisfactory
2022-07-23,00:00,Varanasi,7,0,36.9,60.9,4.1,31.3,59.1,46.6,0.31,1.0,117.5,58.3,Satisfactory
2022-07-23,12:00,Allahabad,7,12,43.9,32.0,10.6,13.9,27.8,16.7,1.32,6.9,7.2,30.9,Good
2022-07-24,00:00,Delhi,7,0,36.1,49.8,5.1,39.2,91.0,6.6,0.58,6.9,24.5,80.8,Satisfactory
2022-07-24,12:00,Mumbai,7,12,38.5,46.7,20.4,59.3,149.7,15.3,0.1,12.5,50.2,135.1,Moderate
2022-07-25,00:00,Lucknow,7,0,36.3,59.0,40.0,56.7,101.7,3.5,0.59,7.8,30.4,93.4,Satisfactory
2022-07-25,12:00,Kanpur,7,12,34.2,38.6,7.9,46.2,84.0,27.3,0.71,9.8,57.1,85.7,Satisfactory
2022-07-26,00:00,Agra,7,0,37.4,48.5,12.1,27.2,36.1,14.4,0.22,2.0,102.7,47.8,Good
2022-07-26,12:00,Mathura,7,12,35.9,55.4,6.2,60.8,130.0,7.5,0.39,4.7,17.9,116.8,Moderate
2022-07-27,00:00,Varanasi,7,0,37.2,56.3,34.7,38.1,66.7,40.1,0.51,6.2,90.7,70.8,Satisfactory
2022-07-27,12:00,Allahabad,7,12,40.8,53.5,23.3,32.1,79.0,11.4,2.49,1.9,22.9,77.0,Satisfactory
2022-07-28,00:00,Delhi,7,0,35.9,64.8,2.1,68.8,130.4,11.1,0.18,2.8,28.8,127.8,Moderate
2022-07-28,12:00,Mumbai,7,12,44.5,45.0,4.3,40.9,83.9,25.3,0.89,9.7,37.9,83.5,Satisfactory
2022-07-29,00:00,Lucknow,7,0,37.9,54.7,10.9,5.0,35.6,24.1,0.38,1.0,36.3,39.4,Good
2022-07-29,12:00,Kanpur,7,12,38.5,53.4,3.2,35.1,83.1,45.6,0.56,5.4,10.1,95.3,Satisfactory
2022-07-30,00:00,Agra,7,0,37.6,64.2,19.4,36.2,73.6,31.3,0.4,2.5,15.3,78.5,Satisfactory
2022-07-30,12:00,Mathura,7,12,40.3,45.6,35.0,55.9,103.3,39.7,0.78,6.9,29.9,107.1,Moderate
2022-07-31,00:00,Varanasi,7,0,39.4,55.0,14.2,22.6,50.1,13.6,0.44,1.0,39.3,54.0,Satisfactory
2022-07-31,12:00,Allahabad,7,12,41.8,32.4,20.4,39.6,72.5,4.7,1.05,12.5,54.5,70.1,Satisfactory
2022-08-01,00:00,Delhi,8,0,33.7,26.7,9.1,7.9,10.0,28.5,1.09,5.3,21.0,15.2,Good
2022-08-01,12:00,Mumbai,8,12,32.1,54.1,17.6,31.6,64.1,22.3,0.74,8.0,119.7,75.4,Satisfactory
2022-08-02,00:00,Lucknow,8,0,28.5,46.5,1.5,11.3,12.8,19.7,0.2,10.8,17.0,15.6,Good
2022-08-02,12:00,Kanpur,8,12,34.7,35.5,25.3,58.0,145.1,74.9,0.54,44.8,18.6,132.1,Moderate
2022-08-03,00:00,Agra,8,0,32.1,46.1,4.2,14.0,33.3,2.0,0.25,12.6,54.9,30.0,Good
2022-08-03,12:00,Mathura,8,12,30.7,43.1,3.0,36.7,73.8,18.9,1.81,3.7,49.8,73.8,Satisfactory
2022-08-04,00:00,Varanasi,8,0,32.6,54.7,4.1,22.5,59.6,54.9,0.43,12.0,66.6,58.2,Satisfactory
2022-08-04,12:00,Allahabad,8,12,33.2,29.1,16.1,81.6,138.5,2.7,0.51,6.0,56.4,169.8,Moderate
2022-08-05,00:00,Delhi,8,0,33.5,43.5,10.9,49.3,101.5,8.8,0.63,10.3,23.3,104.6,Moderate
2022-08-05,12:00,Mumbai,8,12,32.5,47.8,13.4,37.0,99.3,7.5,1.02,6.0,84.5,108.1,Moderate
2022-08-06,00:00,Lucknow,8,0,33.9,40.8,13.7,20.5,38.0,2.3,1.24,6.0,16.5,34.5,Good
2022-08-06,12:00,Kanpur,8,12,31.9,52.9,5.9,15.0,32.7,52.7,0.52,33.4,17.3,38.4,Good
2022-08-07,00:00,Agra,8,0,31.6,27.0,35.1,49.8,87.4,25.4,0.58,13.8,8.9,81.0,Satisfactory
2022-08-07,12:00,Mathura,8,12,31.6,53.5,4.3,76.5,107.9,11.6,1.58,6.9,30.9,149.9,Moderate
2022-08-08,00:00,Varanasi,8,0,29.2,44.0,7.9,56.0,133.4,39.6,1.09,2.8,69.6,124.8,Moderate
2022-08-08,12:00,Allahabad,8,12,35.8,37.8,4.6,48.7,89.4,19.8,0.66,12.4,5.2,90.6,Satisfactory
2022-08-09,00:00,Delhi,8,0,34.1,37.2,15.4,5.0,10.0,19.1,0.33,15.5,53.1,17.1,Good
2022-08-09,12:00,Mumbai,8,12,28.3,21.3,2.3,64.8,126.0,20.5,0.96,10.0,5.5,117.0,Moderate
2022-08-10,00:00,Lucknow,8,0,31.1,37.0,5.2,7.9,10.0,2.0,1.05,28.3,34.9,7.8,Good
2022-08-10,12:00,Kanpur,8,12,34.1,46.1,37.1,72.8,130.6,25.0,0.89,22.4,5.6,147.2,Moderate
2022-08-11,00:00,Agra,8,0,31.4,54.0,21.8,13.0,27.5,21.8,0.27,1.0,44.9,30.6,Good
2022-08-11,12:00,Mathura,8,12,31.4,58.6,4.9,37.4,66.5,34.3,0.15,1.0,72.6,67.1,Satisfactory
2022-08-12,00:00,Varanasi,8,0,34.0,46.0,40.0,34.0,71.9,15.4,0.69,12.5,27.3,80.5,Satisfactory
2022-08-12,12:00,Allahabad,8,12,31.3,33.6,10.1,29.1,60.3,23.5,0.1,14.4,25.0,61.7,Satisfactory
2022-08-13,00:00,Delhi,8,0,31.0,45.0,7.2,29.3,60.0,5.3,0.22,6.2,32.8,66.3,Satisfactory
2022-08-13,12:00,Mumbai,8,12,32.2,48.9,4.2,42.4,87.3,5.2,0.31,10.1,57.7,86.3,Satisfactory
2022-08-14,00:00,Lucknow,8,0,31.6,43.7,4.7,40.0,92.3,22.1,0.55,1.7,24.8,94.4,Satisfactory
2022-08-14,12:00,Kanpur,8,12,30.1,47.1,2.3,46.9,104.0,17.7,0.1,9.5,5.0,104.2,Moderate
2022-08-15,00:00,Agra,8,0,31.4,40.1,1.8,44.6,100.8,17.4,0.14,5.8,21.8,96.8,Satisfactory
2022-08-15,12:00,Mathura,8,12,30.9,35.5,5.8,71.6,130.5,13.2,0.79,9.7,33.1,132.7,Moderate
2022-08-16,00:00,Varanasi,8,0,30.5,32.7,40.0,66.6,122.3,14.1,0.1,17.8,18.0,122.6,Moderate
2022-08-16,12:00,Allahabad,8,12,32.8,50.0,16.1,99.2,191.5,7.1,0.64,2.7,5.0,227.7,Poor
2022-08-17,00:00,Delhi,8,0,32.1,36.5,4.6,25.4,45.1,8.8,1.24,8.2,8.9,44.9,Good
2022-08-17,12:00,Mumbai,8,12,33.7,38.7,8.7,70.7,130.0,4.3,1.23,5.5,43.2,137.2,Moderate
2022-08-18,00:00,Lucknow,8,0,32.4,36.6,5.4,14.1,27.4,6.7,0.25,3.6,21.6,19.4,Good
2022-08-18,12:00,Kanpur,8,12,37.0,58.9,1.5,113.5,239.8,40.5,1.99,6.0,53.3,281.3,Poor
2022-08-19,00:00,Agra,8,0,26.4,33.8,6.5,19.2,39.1,25.3,0.5,19.6,48.6,44.4,Good
2022-08-19,12:00,Mathura,8,12,31.5,38.5,10.3,61.9,134.4,14.2,0.91,17.4,90.4,123.1,Moderate
2022-08-20,00:00,Varanasi,8,0,32.8,35.6,4.6,56.4,96.6,12.1,0.3,3.7,44.7,101.6,Moderate
2022-08-20,12:00,Allahabad,8,12,34.2,35.4,23.4,37.5,83.7,21.1,0.1,12.5,49.1,81.6,Satisfactory
2022-08-21,00:00,Delhi,8,0,36.1,32.3,2.3,67.9,115.7,13.6,0.48,10.0,59.1,130.1,Moderate
2022-08-21,12:00,Mumbai,8,12,33.5,28.3,12.1,5.0,10.0,16.6,0.32,5.8,64.4,12.7,Good
2022-08-22,00:00,Lucknow,8,0,32.9,46.1,40.0,25.2,53.2,31.6,0.27,10.6,20.5,45.3,Good
2022-08-22,12:00,Kanpur,8,12,32.6,37.8,0.5,82.0,132.8,65.4,0.27,3.9,39.5,178.8,Moderate
2022-08-23,00:00,Agra,8,0,33.4,41.9,8.3,13.1,27.2,2.8,0.53,3.4,24.7,22.5,Good
2022-08-23,12:00,Mathura,8,12,34.5,35.9,6.8,15.8,47.8,3.5,0.45,6.8,20.4,54.7,Satisfactory
2022-08-24,00:00,Varanasi,8,0,32.6,57.8,1.9,26.3,40.6,4.4,0.18,10.2,113.1,48.0,Good
2022-08-24,12:00,Allahabad,8,12,33.6,40.6,5.8,78.3,134.2,6.8,0.33,11.0,22.1,174.9,Moderate
2022-08-25,00:00,Delhi,8,0,34.3,45.5,4.7,16.1,56.2,12.3,0.44,7.6,37.1,57.2,Satisfactory
2022-08-25,12:00,Mumbai,8,12,32.0,41.7,40.0,54.6,126.6,25.5,0.1,9.9,27.5,118.8,Moderate
2022-08-26,00:00,Lucknow,8,0,32.0,21.8,14.3,24.2,46.7,3.0,0.31,2.7,5.0,43.0,Good
2022-08-26,12:00,Kanpur,8,12,33.6,30.4,9.9,129.9,265.8,8.6,1.24,8.1,53.7,316.0,Very Poor
2022-08-27,00:00,Agra,8,0,31.3,46.1,13.2,11.0,10.0,13.2,0.19,8.7,29.0,27.0,Good
2022-08-27,12:00,Mathura,8,12,33.7,39.4,20.4,33.4,68.3,14.5,2.15,1.4,8.0,68.3,Satisfactory
2022-08-28,00:00,Varanasi,8,0,35.0,37.3,10.0,14.8,27.7,3.5,0.3,3.8,44.4,35.4,Good
2022-08-28,12:00,Allahabad,8,12,32.1,45.8,21.2,51.2,99.1,4.9,0.99,9.4,55.1,99.2,Satisfactory
2022-08-29,00:00,Delhi,8,0,26.6,50.3,10.0,12.5,32.1,4.9,1.01,5.1,19.9,38.3,Good
2022-08-29,12:00,Mumbai,8,12,34.7,39.0,21.1,81.7,190.1,24.8,0.55,1.0,69.2,170.5,Moderate
2022-08-30,00:00,Lucknow,8,0,32.6,42.9,14.4,68.4,127.0,32.9,0.24,2.5,50.7,121.1,Moderate
2022-08-30,12:00,Kanpur,8,12,30.7,46.6,11.6,32.2,48.9,13.2,2.06,7.9,44.1,53.7,Satisfactory
2022-08-31,00:00,Agra,8,0,33.5,61.2,5.1,22.6,40.6,18.1,0.26,2.9,12.7,32.6,Good
2022-08-31,12:00,Mathura,8,12,34.8,27.5,5.4,22.5,44.1,36.0,0.14,7.1,14.6,44.7,Good
2022-09-01,00:00,Varanasi,9,0,27.9,27.7,19.9,25.6,73.7,4.7,0.15,4.6,18.2,76.1,Satisfactory
2022-09-01,12:00,Allahabad,9,12,23.5,36.8,4.5,68.8,195.3,4.6,0.44,27.9,19.6,167.6,Moderate
2022-09-02,00:00,Delhi,9,0,20.6,33.6,40.0,10.0,32.0,35.8,1.36,8.6,90.6,29.1,Good
2022-09-02,12:00,Mumbai,9,12,28.8,33.9,12.0,27.3,53.8,39.0,0.37,1.0,23.2,54.5,Satisfactory
2022-09-03,00:00,Lucknow,9,0,24.3,36.6,9.3,28.5,69.7,9.0,0.18,5.9,70.3,63.6,Satisfactory
2022-09-03,12:00,Kanpur,9,12,21.8,24.5,4.4,79.4,129.5,8.2,0.65,14.5,16.0,172.3,Moderate
2022-09-04,00:00,Agra,9,0,25.0,39.3,6.2,12.2,48.8,15.7,0.52,1.0,53.5,48.2,Good
2022-09-04,12:00,Mathura,9,12,21.5,28.2,11.5,65.0,154.8,2.2,0.47,11.9,38.0,135.7,Moderate
2022-09-05,00:00,Varanasi,9,0,26.9,35.3,10.7,106.1,199.5,17.4,0.48,2.3,58.4,246.3,Poor
2022-09-05,12:00,Allahabad,9,12,23.2,43.2,2.5,51.0,106.7,21.7,0.47,10.3,55.6,97.5,Satisfactory
2022-09-06,00:00,Delhi,9,0,26.2,34.8,5.1,51.2,103.1,14.8,0.5,4.4,26.7,102.2,Moderate
2022-09-06,12:00,Mumbai,9,12,20.4,20.0,2.4,17.6,22.1,14.4,1.18,16.9,16.4,27.3,Good
2022-09-07,00:00,Lucknow,9,0,26.5,35.8,3.5,29.5,56.1,5.3,1.28,7.9,30.2,57.3,Satisfactory
2022-09-07,12:00,Kanpur,9,12,21.3,31.8,5.2,120.1,173.1,36.6,0.82,5.8,28.3,310.2,Very Poor
2022-09-08,00:00,Agra,9,0,27.7,25.4,1.5,46.9,79.5,7.9,1.03,1.6,85.5,85.3,Satisfactory
2022-09-08,12:00,Mathura,9,12,29.2,37.2,17.2,67.4,130.0,32.0,0.25,7.8,11.3,114.2,Moderate
2022-09-09,00:00,Varanasi,9,0,27.5,36.6,27.4,27.3,55.2,13.6,0.28,6.9,8.6,44.3,Good
2022-09-09,12:00,Allahabad,9,12,23.2,33.0,9.6,78.8,180.2,11.8,0.75,2.7,55.8,162.6,Moderate
2022-09-10,00:00,Delhi,9,0,30.2,52.8,3.1,38.5,99.3,43.6,0.15,12.0,18.0,94.4,Satisfactory
2022-09-10,12:00,Mumbai,9,12,22.7,49.3,3.9,43.7,98.0,30.0,0.26,6.9,76.5,101.9,Moderate
2022-09-11,00:00,Lucknow,9,0,27.5,43.2,20.2,16.2,24.5,6.5,1.35,18.4,15.8,18.5,Good
2022-09-11,12:00,Kanpur,9,12,24.8,43.2,1.2,91.3,173.2,9.4,1.47,25.3,16.9,206.6,Poor
2022-09-12,00:00,Agra,9,0,26.7,37.6,5.8,58.2,82.7,5.5,0.73,15.7,26.6,94.9,Satisfactory
2022-09-12,12:00,Mathura,9,12,21.7,44.9,5.3,45.6,64.4,11.1,0.87,7.7,68.4,73.5,Satisfactory
2022-09-13,00:00,Varanasi,9,0,18.2,22.6,40.0,32.1,74.9,7.3,0.44,1.2,36.5,75.0,Satisfactory
2022-09-13,12:00,Allahabad,9,12,28.9,28.0,8.5,106.6,248.3,14.3,2.81,2.6,35.6,250.2,Poor
2022-09-14,00:00,Delhi,9,0,25.5,41.5,2.8,36.8,56.9,4.7,0.1,7.7,56.4,56.3,Satisfactory
2022-09-14,12:00,Mumbai,9,12,24.5,20.0,36.4,26.3,36.8,30.4,0.13,8.6,43.7,46.5,Good
2022-09-15,00:00,Lucknow,9,0,17.6,28.4,2.9,61.1,155.2,7.2,1.48,1.6,50.4,131.1,Moderate
2022-09-15,12:00,Kanpur,9,12,21.8,37.3,1.5,28.5,64.3,41.2,2.71,9.0,33.4,61.5,Satisfactory
2022-09-16,00:00,Agra,9,0,24.1,39.0,8.8,28.5,78.0,20.1,0.48,1.0,34.2,73.5,Satisfactory
2022-09-16,12:00,Mathura,9,12,22.5,43.9,4.2,13.3,32.7,13.2,0.1,11.9,5.0,35.9,Good
2022-09-17,00:00,Varanasi,9,0,27.4,35.1,26.8,22.7,29.8,21.3,0.34,5.0,67.1,33.5,Good
2022-09-17,12:00,Allahabad,9,12,25.5,38.6,21.0,30.6,45.0,28.6,0.12,16.6,48.6,51.7,Satisfactory
2022-09-18,00:00,Delhi,9,0,28.1,37.3,38.9,55.7,80.3,7.2,0.18,33.0,51.8,93.6,Satisfactory
2022-09-18,12:00,Mumbai,9,12,24.2,46.8,13.1,32.4,63.8,10.4,0.41,1.5,73.2,68.7,Satisfactory
2022-09-19,00:00,Lucknow,9,0,25.4,25.7,29.1,73.7,157.2,23.1,0.45,25.1,9.2,143.8,Moderate
2022-09-19,12:00,Kanpur,9,12,19.0,28.5,1.8,31.4,73.3,14.2,0.65,1.1,25.6,69.1,Satisfactory
2022-09-20,00:00,Agra,9,0,25.4,52.6,3.6,39.3,63.4,5.8,0.45,14.4,7.9,65.4,Satisfactory
2022-09-20,12:00,Mathura,9,12,24.6,58.5,9.0,61.9,115.9,17.3,0.15,6.3,31.5,107.0,Moderate
2022-09-21,00:00,Varanasi,9,0,24.8,35.2,30.0,6.9,12.3,11.4,0.56,10.6,35.9,13.3,Good
2022-09-21,12:00,Allahabad,9,12,26.3,43.7,1.9,37.6,77.1,38.6,1.38,7.0,30.8,78.5,Satisfactory
2022-09-22,00:00,Delhi,9,0,27.3,24.5,40.0,65.0,122.4,3.8,1.45,3.1,22.5,113.9,Moderate
2022-09-22,12:00,Mumbai,9,12,28.5,22.7,16.0,46.0,98.1,11.5,1.08,11.2,46.1,101.2,Moderate
2022-09-23,00:00,Lucknow,9,0,26.7,35.7,31.0,5.2,11.8,2.3,0.17,14.5,40.8,17.3,Good
2022-09-23,12:00,Kanpur,9,12,27.0,56.6,21.4,56.8,116.2,8.5,0.78,26.7,5.0,112.4,Moderate
2022-09-24,00:00,Agra,9,0,19.3,34.4,6.3,18.8,42.3,12.4,0.13,1.2,117.8,35.6,Good
2022-09-24,12:00,Mathura,9,12,27.8,35.0,3.5,50.6,108.6,24.4,0.28,1.9,45.0,109.7,Moderate
2022-09-25,00:00,Varanasi,9,0,25.1,33.5,9.7,45.5,95.0,12.5,1.29,1.0,44.7,91.6,Satisfactory
2022-09-25,12:00,Allahabad,9,12,25.6,22.1,6.8,18.9,43.1,22.0,0.64,14.9,25.2,44.9,Good
2022-09-26,00:00,Delhi,9,0,28.6,28.3,3.9,19.2,10.3,25.4,0.1,2.6,43.3,36.5,Good
2022-09-26,12:00,Mumbai,9,12,28.6,37.8,2.7,50.7,96.7,11.1,0.28,26.9,56.6,91.2,Satisfactory
2022-09-27,00:00,Lucknow,9,0,22.6,23.1,9.3,27.5,61.6,17.7,0.7,4.5,10.0,61.4,Satisfactory
2022-09-27,12:00,Kanpur,9,12,24.3,27.4,10.1,71.0,124.5,29.0,1.57,60.0,12.6,138.2,Moderate
2022-09-28,00:00,Agra,9,0,23.4,43.0,12.6,5.0,10.0,2.0,0.75,10.6,136.3,6.3,Good
2022-09-28,12:00,Mathura,9,12,29.1,36.7,2.8,34.9,79.1,11.5,0.1,1.8,34.0,83.2,Satisfactory
2022-09-29,00:00,Varanasi,9,0,29.5,37.0,6.0,36.0,56.5,7.9,0.1,10.3,46.4,53.7,Satisfactory
2022-09-29,12:00,Allahabad,9,12,23.8,34.9,1.7,86.9,176.8,21.4,0.21,3.2,24.2,195.2,Moderate
2022-09-30,00:00,Delhi,9,0,18.3,23.7,8.7,72.9,185.6,2.0,1.67,16.0,85.1,167.0,Moderate
2022-09-30,12:00,Mumbai,9,12,31.2,48.6,40.0,5.8,10.0,26.9,1.61,4.4,39.3,7.5,Good
2022-10-01,00:00,Lucknow,10,0,17.7,42.8,3.7,55.2,136.6,27.8,1.22,34.7,43.2,121.5,Moderate
2022-10-01,12:00,Kanpur,10,12,20.5,47.1,3.0,49.0,74.4,35.8,1.41,27.2,9.8,78.5,Satisfactory
2022-10-02,00:00,Agra,10,0,15.9,32.4,3.6,57.3,123.8,29.2,0.59,12.1,50.6,112.5,Moderate
2022-10-02,12:00,Mathura,10,12,15.4,32.4,5.3,118.1,231.8,22.3,0.99,26.3,57.5,283.9,Poor
2022-10-03,00:00,Varanasi,10,0,19.5,48.2,40.0,21.2,48.9,15.2,0.42,14.8,54.8,48.3,Good
2022-10-03,12:00,Allahabad,10,12,16.7,28.6,1.8,46.9,61.6,20.4,0.47,25.5,5.0,78.6,Satisfactory
2022-10-04,00:00,Delhi,10,0,17.4,33.1,3.5,75.5,147.1,36.8,0.61,12.8,35.9,140.1,Moderate
2022-10-04,12:00,Mumbai,10,12,18.2,38.8,0.7,90.5,190.1,43.7,0.45,36.7,5.0,207.8,Poor
2022-10-05,00:00,Lucknow,10,0,20.0,41.5,4.1,51.2,111.1,37.9,1.07,20.8,10.7,112.4,Moderate
2022-10-05,12:00,Kanpur,10,12,17.8,45.8,5.2,51.4,90.9,27.9,3.46,34.1,18.9,90.2,Satisfactory
2022-10-06,00:00,Agra,10,0,19.4,46.4,22.2,19.3,35.6,9.3,1.74,15.4,55.2,34.2,Good
2022-10-06,12:00,Mathura,10,12,15.5,30.9,15.4,59.9,142.0,13.2,0.59,29.3,35.6,130.0,Moderate
2022-10-07,00:00,Varanasi,10,0,15.7,44.1,7.8,42.3,68.0,18.0,0.51,7.7,60.7,71.5,Satisfactory
2022-10-07,12:00,Allahabad,10,12,18.3,31.5,3.7,157.2,398.4,19.8,0.79,11.4,15.7,359.2,Very Poor
2022-10-08,00:00,Delhi,10,0,16.6,42.9,5.8,42.4,89.6,9.9,0.53,5.3,20.9,95.8,Satisfactory
2022-10-08,12:00,Mumbai,10,12,17.5,43.6,4.4,84.8,148.7,44.0,0.41,3.9,19.1,180.0,Moderate
2022-10-09,00:00,Lucknow,10,0,16.9,25.0,10.9,76.2,151.2,41.5,0.48,7.6,52.7,156.2,Moderate
2022-10-09,12:00,Kanpur,10,12,21.0,40.2,1.5,34.4,83.8,47.1,0.57,47.1,12.9,76.5,Satisfactory
2022-10-10,00:00,Agra,10,0,11.6,56.9,3.2,42.2,83.4,53.7,1.38,4.4,40.6,77.8,Satisfactory
2022-10-10,12:00,Mathura,10,12,16.5,45.0,13.1,91.5,184.5,3.2,0.63,12.1,26.2,209.8,Poor
2022-10-11,00:00,Varanasi,10,0,16.4,46.3,4.9,5.0,26.4,57.8,1.45,24.2,51.0,31.9,Good
2022-10-11,12:00,Allahabad,10,12,17.1,44.8,2.8,59.4,114.1,35.7,6.01,7.2,29.2,112.6,Moderate
2022-10-12,00:00,Delhi,10,0,16.0,53.7,0.7,46.2,130.7,69.3,0.85,35.5,51.3,119.7,Moderate
2022-10-12,12:00,Mumbai,10,12,19.4,20.0,1.3,59.8,95.2,75.2,1.28,11.4,21.3,103.3,Moderate
2022-10-13,00:00,Lucknow,10,0,19.2,38.4,9.6,44.7,77.6,93.6,0.49,4.2,85.8,83.9,Satisfactory
2022-10-13,12:00,Kanpur,10,12,23.0,20.6,1.5,39.3,66.5,50.1,0.6,14.9,17.2,62.6,Satisfactory
2022-10-14,00:00,Agra,10,0,16.5,21.2,3.7,42.1,76.5,45.2,0.96,16.6,59.7,79.3,Satisfactory
2022-10-14,12:00,Mathura,10,12,20.2,39.7,2.2,103.9,243.9,13.7,1.22,29.3,26.9,247.6,Poor
2022-10-15,00:00,Varanasi,10,0,21.9,50.6,4.9,67.3,128.7,68.5,1.01,12.7,23.8,120.9,Moderate
2022-10-15,12:00,Allahabad,10,12,17.8,36.1,7.1,104.3,202.7,12.3,0.26,13.1,5.0,241.2,Poor
2022-10-16,00:00,Delhi,10,0,16.9,36.7,9.2,42.3,92.2,6.7,1.29,29.1,16.5,92.5,Satisfactory
2022-10-16,12:00,Mumbai,10,12,15.3,36.8,3.6,35.6,72.3,73.0,0.57,16.0,31.4,77.1,Satisfactory
2022-10-17,00:00,Lucknow,10,0,18.1,44.4,21.5,43.2,81.7,7.3,1.27,1.0,17.5,68.7,Satisfactory
2022-10-17,12:00,Kanpur,10,12,22.1,37.7,0.7,38.8,80.5,6.4,0.53,33.0,60.3,83.0,Satisfactory
2022-10-18,00:00,Agra,10,0,15.8,23.2,5.9,146.1,323.9,9.2,0.71,17.5,30.9,341.2,Very Poor
2022-10-18,12:00,Mathura,10,12,17.2,23.2,0.5,5.0,10.0,34.9,0.66,30.1,54.3,6.0,Good
2022-10-19,00:00,Varanasi,10,0,22.1,43.1,10.2,81.6,158.5,27.3,0.1,24.5,56.5,173.7,Moderate
2022-10-19,12:00,Allahabad,10,12,18.7,44.3,5.2,36.8,65.2,58.3,2.0,31.4,41.6,55.1,Satisfactory
2022-10-20,00:00,Delhi,10,0,19.6,36.0,12.4,162.0,409.2,41.6,0.36,13.6,19.1,375.2,Very Poor
2022-10-20,12:00,Mumbai,10,12,16.8,44.0,3.6,37.9,84.2,33.3,2.14,31.9,53.6,80.7,Satisfactory
2022-10-21,00:00,Lucknow,10,0,16.3,25.9,8.1,39.5,78.9,28.2,0.12,6.2,33.0,76.6,Satisfactory
2022-10-21,12:00,Kanpur,10,12,14.3,30.3,1.9,114.4,304.2,69.6,1.23,58.3,19.6,276.9,Poor
2022-10-22,00:00,Agra,10,0,17.9,39.6,6.6,18.5,54.6,46.5,1.28,15.0,37.1,58.0,Satisfactory
2022-10-22,12:00,Mathura,10,12,19.7,49.8,13.9,67.7,141.4,57.4,0.1,5.8,11.5,119.5,Moderate
2022-10-23,00:00,Varanasi,10,0,19.0,43.4,30.2,87.5,114.6,13.0,0.11,1.2,28.8,197.6,Moderate
2022-10-23,12:00,Allahabad,10,12,19.0,49.5,9.3,5.0,23.6,21.9,0.58,47.9,13.4,28.2,Good
2022-10-24,00:00,Delhi,10,0,20.0,36.9,13.5,26.9,80.1,39.6,2.16,9.0,7.6,87.7,Satisfactory
2022-10-24,12:00,Mumbai,10,12,15.4,43.6,0.5,127.4,270.2,12.4,1.31,13.3,31.2,315.4,Very Poor
2022-10-25,00:00,Lucknow,10,0,18.8,20.0,0.5,49.7,95.6,67.0,2.11,13.0,60.0,95.2,Satisfactory
2022-10-25,12:00,Kanpur,10,12,14.3,37.1,2.5,92.1,175.0,63.8,4.27,5.1,5.0,209.1,Poor
2022-10-26,00:00,Agra,10,0,15.5,49.5,7.6,72.2,152.9,54.8,0.17,11.0,110.0,146.6,Moderate
2022-10-26,12:00,Mathura,10,12,20.1,30.3,28.6,27.2,78.1,57.4,1.25,44.2,15.4,80.5,Satisfactory
2022-10-27,00:00,Varanasi,10,0,22.3,31.2,7.1,34.1,79.2,76.8,0.37,11.4,28.7,68.2,Satisfactory
2022-10-27,12:00,Allahabad,10,12,16.9,43.0,0.5,89.8,173.5,75.2,0.87,49.4,20.9,204.7,Poor
2022-10-28,00:00,Delhi,10,0,17.5,37.7,15.1,61.0,136.7,17.3,0.7,14.1,41.5,125.4,Moderate
2022-10-28,12:00,Mumbai,10,12,19.8,37.1,0.5,48.2,111.0,21.0,0.77,2.2,5.0,98.6,Satisfactory
2022-10-29,00:00,Lucknow,10,0,17.2,57.5,0.5,84.7,203.5,20.6,1.1,18.3,93.2,194.6,Moderate
2022-10-29,12:00,Kanpur,10,12,18.4,32.2,4.5,53.5,103.6,16.9,1.05,27.4,98.3,96.0,Satisfactory
2022-10-30,00:00,Agra,10,0,19.3,31.6,6.4,5.0,10.0,59.7,0.92,11.2,30.3,10.4,Good
2022-10-30,12:00,Mathura,10,12,22.1,42.2,1.5,5.0,10.0,69.9,1.12,1.9,25.0,14.4,Good
2022-10-31,00:00,Varanasi,10,0,25.1,55.5,16.8,41.6,108.7,17.2,0.17,12.4,5.0,119.7,Moderate
2022-10-31,12:00,Allahabad,10,12,19.0,33.2,1.7,54.1,115.3,20.6,0.86,29.8,21.5,105.3,Moderate
2022-11-01,00:00,Delhi,11,0,11.6,46.7,0.5,32.5,35.3,30.6,1.41,33.5,46.8,60.5,Satisfactory
2022-11-01,12:00,Mumbai,11,12,10.0,45.8,4.9,99.6,175.0,107.2,2.2,8.6,36.1,236.6,Poor
2022-11-02,00:00,Lucknow,11,0,9.6,61.4,7.8,94.8,198.1,15.0,0.64,58.7,16.9,212.7,Poor
2022-11-02,12:00,Kanpur,11,12,16.7,55.4,1.6,184.9,266.5,56.4,5.19,10.6,25.3,394.5,Very Poor
2022-11-03,00:00,Agra,11,0,11.6,67.7,0.5,121.1,284.4,28.9,1.51,2.4,14.9,297.6,Poor
2022-11-03,12:00,Mathura,11,12,12.4,61.6,5.1,48.7,82.1,44.7,0.56,72.3,8.7,77.0,Satisfactory
2022-11-04,00:00,Varanasi,11,0,5.4,44.9,2.4,37.2,110.7,70.5,1.79,18.3,29.6,101.9,Moderate
2022-11-04,12:00,Allahabad,11,12,9.0,70.3,1.7,21.8,25.3,61.5,1.71,92.5,60.1,41.7,Good
2022-11-05,00:00,Delhi,11,0,12.8,55.5,6.7,125.3,253.7,26.4,2.01,43.9,12.0,302.4,Very Poor
2022-11-05,12:00,Mumbai,11,12,6.9,33.1,8.2,67.9,160.4,45.2,1.86,52.0,14.9,143.6,Moderate
2022-11-06,00:00,Lucknow,11,0,9.4,46.8,0.5,38.0,58.5,80.3,2.13,17.8,27.1,74.6,Satisfactory
2022-11-06,12:00,Kanpur,11,12,7.4,65.1,1.1,219.3,362.8,58.2,1.2,32.2,5.0,453.8,Severe
2022-11-07,00:00,Agra,11,0,11.5,35.6,12.8,122.0,191.7,139.8,1.73,9.0,14.2,302.8,Very Poor
2022-11-07,12:00,Mathura,11,12,12.2,45.4,4.2,172.1,300.4,71.7,1.98,12.6,69.6,382.9,Very Poor
2022-11-08,00:00,Varanasi,11,0,9.5,34.4,12.7,80.8,183.0,7.5,2.02,1.0,22.9,165.3,Moderate
2022-11-08,12:00,Allahabad,11,12,12.4,52.6,2.5,153.7,274.5,34.7,0.96,9.4,8.6,352.4,Very Poor
2022-11-09,00:00,Delhi,11,0,9.0,62.5,8.4,46.3,68.4,113.5,0.92,16.0,54.7,79.1,Satisfactory
2022-11-09,12:00,Mumbai,11,12,11.4,52.9,3.7,46.0,90.0,78.6,0.72,1.0,77.7,86.7,Satisfactory
2022-11-10,00:00,Lucknow,11,0,15.9,41.3,0.5,167.1,365.0,8.5,1.05,31.5,5.0,374.4,Very Poor
2022-11-10,12:00,Kanpur,11,12,13.8,62.6,3.3,128.5,231.4,108.1,0.76,39.7,17.8,318.8,Very Poor
2022-11-11,00:00,Agra,11,0,18.5,40.5,0.6,29.6,65.7,38.4,2.96,4.1,7.2,64.3,Satisfactory
2022-11-11,12:00,Mathura,11,12,10.5,56.2,0.6,70.0,144.4,2.0,1.79,13.3,79.7,140.0,Moderate
2022-11-12,00:00,Varanasi,11,0,15.0,50.6,5.3,82.2,158.9,26.4,0.57,22.3,51.8,177.8,Moderate
2022-11-12,12:00,Allahabad,11,12,12.4,36.6,0.5,41.9,76.7,14.2,0.76,15.1,8.7,70.7,Satisfactory
2022-11-13,00:00,Delhi,11,0,8.5,48.4,3.8,62.3,104.9,22.7,1.32,17.8,9.1,112.0,Moderate
2022-11-13,12:00,Mumbai,11,12,13.0,36.3,1.5,51.5,122.7,29.0,1.14,1.6,45.7,114.7,Moderate
2022-11-14,00:00,Lucknow,11,0,11.9,43.5,2.6,125.0,187.5,24.7,0.68,1.0,18.3,312.5,Very Poor
2022-11-14,12:00,Kanpur,11,12,8.7,63.1,9.4,124.2,193.6,98.5,1.16,42.8,15.0,295.5,Poor
2022-11-15,00:00,Agra,11,0,11.3,53.6,0.5,94.5,223.6,74.7,1.4,21.2,63.7,208.1,Poor
2022-11-15,12:00,Mathura,11,12,16.7,48.3,12.3,136.1,311.1,35.4,0.14,3.3,38.2,325.1,Very Poor
2022-11-16,00:00,Varanasi,11,0,11.6,37.8,10.2,185.0,323.2,65.9,2.0,27.5,76.7,405.1,Severe
2022-11-16,12:00,Allahabad,11,12,14.0,49.6,0.7,238.3,496.1,76.8,1.18,20.2,30.5,479.3,Severe
2022-11-17,00:00,Delhi,11,0,9.7,48.5,1.4,53.9,139.7,57.9,4.0,15.7,30.6,117.1,Moderate
2022-11-17,12:00,Mumbai,11,12,11.0,36.3,1.3,79.6,143.1,78.1,0.1,41.8,20.8,158.3,Moderate
2022-11-18,00:00,Lucknow,11,0,17.8,38.1,16.5,64.5,154.1,53.9,2.52,56.7,108.8,136.2,Moderate
2022-11-18,12:00,Kanpur,11,12,12.6,33.6,2.9,50.5,120.9,61.0,2.2,138.8,11.9,112.8,Moderate
2022-11-19,00:00,Agra,11,0,13.3,39.3,2.3,84.2,191.6,45.1,1.64,27.3,40.7,180.5,Moderate
2022-11-19,12:00,Mathura,11,12,12.0,38.0,2.5,173.1,380.0,84.8,1.43,44.3,39.5,380.5,Very Poor
2022-11-20,00:00,Varanasi,11,0,19.5,47.7,2.2,70.9,146.1,65.5,0.13,54.3,61.3,140.8,Moderate
2022-11-20,12:00,Allahabad,11,12,8.6,32.1,5.4,121.8,205.3,7.6,3.09,65.9,23.9,300.8,Very Poor
2022-11-21,00:00,Delhi,11,0,13.2,51.1,1.5,35.6,61.7,121.9,0.32,32.2,5.0,59.4,Satisfactory
2022-11-21,12:00,Mumbai,11,12,3.6,48.4,6.4,110.5,264.6,54.3,2.3,21.4,7.1,273.0,Poor
2022-11-22,00:00,Lucknow,11,0,12.9,26.2,2.5,75.2,119.0,53.8,0.64,36.4,68.8,145.4,Moderate
2022-11-22,12:00,Kanpur,11,12,10.7,31.7,0.5,299.3,574.0,22.3,9.01,37.7,51.3,494.6,Severe
2022-11-23,00:00,Agra,11,0,8.6,51.6,3.3,29.6,73.7,2.0,0.92,32.5,80.2,64.1,Satisfactory
2022-11-23,12:00,Mathura,11,12,16.0,48.4,5.8,115.0,209.0,57.1,2.24,4.2,20.6,289.9,Poor
2022-11-24,00:00,Varanasi,11,0,15.2,57.8,3.1,127.1,274.0,40.2,2.28,39.1,25.5,314.6,Very Poor
2022-11-24,12:00,Allahabad,11,12,9.4,34.7,5.3,105.1,168.6,107.6,1.3,38.4,9.4,253.5,Poor
2022-11-25,00:00,Delhi,11,0,7.2,38.3,0.5,16.1,25.5,61.6,4.66,1.2,34.1,21.9,Good
2022-11-25,12:00,Mumbai,11,12,15.3,47.2,3.9,136.2,224.6,31.5,4.4,7.0,68.2,320.9,Very Poor
2022-11-26,00:00,Lucknow,11,0,8.0,62.8,5.4,171.2,370.8,32.6,1.05,11.2,48.4,380.1,Very Poor
2022-11-26,12:00,Kanpur,11,12,14.4,55.8,2.3,178.1,421.1,43.8,3.5,118.9,49.5,388.7,Very Poor
2022-11-27,00:00,Agra,11,0,12.8,34.1,10.1,32.6,42.6,41.7,0.86,16.6,55.7,56.9,Satisfactory
2022-11-27,12:00,Mathura,11,12,7.3,49.0,0.5,27.2,62.3,57.3,3.03,18.4,14.8,62.9,Satisfactory
2022-11-28,00:00,Varanasi,11,0,13.1,22.8,10.8,57.2,130.9,23.1,0.98,11.7,42.0,123.8,Moderate
2022-11-28,12:00,Allahabad,11,12,8.3,54.1,0.7,166.8,291.4,83.0,0.47,40.4,8.0,379.2,Very Poor
2022-11-29,00:00,Delhi,11,0,18.8,65.7,1.9,85.2,178.5,40.5,3.82,17.2,17.1,179.8,Moderate
2022-11-29,12:00,Mumbai,11,12,9.7,42.3,1.9,28.9,70.8,179.6,2.16,20.6,38.8,71.7,Satisfactory
2022-11-30,00:00,Lucknow,11,0,12.3,46.6,4.2,82.1,135.7,52.3,4.01,33.8,16.4,174.6,Moderate
2022-11-30,12:00,Kanpur,11,12,8.1,41.6,2.4,194.6,473.9,80.6,0.27,26.7,5.0,434.0,Severe
2022-12-01,00:00,Agra,12,0,6.7,42.2,5.9,130.4,206.6,13.3,1.25,24.0,32.3,315.3,Very Poor
2022-12-01,12:00,Mathura,12,12,10.5,71.6,10.5,177.6,325.8,44.1,1.52,19.5,20.1,400.2,Severe
2022-12-02,00:00,Varanasi,12,0,13.6,60.7,11.3,53.7,106.5,50.4,2.23,1.5,32.4,102.5,Moderate
2022-12-02,12:00,Allahabad,12,12,12.5,41.4,1.3,82.1,176.4,18.8,2.71,27.0,19.7,174.2,Moderate
2022-12-03,00:00,Delhi,12,0,4.9,65.9,4.4,135.3,278.0,17.4,1.12,45.0,43.3,320.5,Very Poor
2022-12-03,12:00,Mumbai,12,12,8.5,39.5,5.7,50.6,119.7,57.0,1.28,24.4,14.6,111.3,Moderate
2022-12-04,00:00,Lucknow,12,0,14.9,58.2,9.0,66.1,96.8,26.8,1.73,7.1,39.4,122.2,Moderate
2022-12-04,12:00,Kanpur,12,12,10.2,59.8,0.6,178.2,404.8,127.4,0.46,1.8,31.4,383.8,Very Poor
2022-12-05,00:00,Agra,12,0,12.2,71.3,2.7,95.9,152.5,9.6,4.76,1.0,78.4,223.4,Poor
2022-12-05,12:00,Mathura,12,12,13.0,58.7,10.0,155.4,367.5,59.6,0.7,25.7,6.2,359.5,Very Poor
2022-12-06,00:00,Varanasi,12,0,8.7,65.8,2.4,116.1,265.8,75.8,1.6,25.4,105.1,281.3,Poor
2022-12-06,12:00,Allahabad,12,12,10.2,51.5,0.9,111.4,219.6,56.6,2.6,83.0,44.7,282.2,Poor
2022-12-07,00:00,Delhi,12,0,13.0,67.2,1.3,28.3,61.2,147.5,1.6,11.1,32.8,57.8,Satisfactory
2022-12-07,12:00,Mumbai,12,12,12.3,57.8,8.8,75.1,131.3,75.3,2.38,9.5,18.8,152.7,Moderate
2022-12-08,00:00,Lucknow,12,0,4.6,51.0,4.3,45.9,109.5,21.9,1.85,31.4,51.0,112.6,Moderate
2022-12-08,12:00,Kanpur,12,12,10.3,65.0,3.2,178.5,299.4,47.0,2.02,74.3,53.8,394.3,Very Poor
2022-12-09,00:00,Agra,12,0,12.4,61.7,14.1,69.8,157.5,2.0,0.53,67.7,15.2,136.4,Moderate
2022-12-09,12:00,Mathura,12,12,7.3,73.3,2.7,74.3,152.1,38.4,4.28,11.0,20.4,150.3,Moderate
2022-12-10,00:00,Varanasi,12,0,7.9,62.0,7.3,34.1,69.6,31.0,1.84,2.7,40.1,73.9,Satisfactory
2022-12-10,12:00,Allahabad,12,12,12.3,67.4,4.4,72.0,177.2,24.4,0.39,7.1,6.6,155.7,Moderate
2022-12-11,00:00,Delhi,12,0,8.2,73.9,6.9,137.2,226.9,63.4,1.19,12.3,28.9,320.9,Very Poor
2022-12-11,12:00,Mumbai,12,12,6.2,43.9,7.8,77.4,137.8,122.4,2.46,47.8,73.9,147.3,Moderate
2022-12-12,00:00,Lucknow,12,0,11.4,54.8,0.5,99.4,259.5,134.9,0.98,2.2,33.8,239.0,Poor
2022-12-12,12:00,Kanpur,12,12,12.6,53.0,1.0,207.6,508.3,131.5,0.59,17.4,12.6,499.1,Severe
2022-12-13,00:00,Agra,12,0,7.9,45.1,2.0,98.5,203.7,28.5,1.58,30.9,50.7,229.1,Poor
2022-12-13,12:00,Mathura,12,12,5.4,72.1,4.3,58.4,139.0,35.3,3.9,40.8,16.7,118.7,Moderate
2022-12-14,00:00,Varanasi,12,0,9.5,50.0,1.6,52.1,107.1,49.5,1.07,11.7,21.0,103.2,Moderate
2022-12-14,12:00,Allahabad,12,12,6.4,80.6,11.0,284.1,464.3,34.5,1.75,26.5,26.8,496.8,Severe
2022-12-15,00:00,Delhi,12,0,8.8,54.6,4.8,79.5,165.2,17.4,0.86,15.3,42.0,168.4,Moderate
2022-12-15,12:00,Mumbai,12,12,8.7,41.5,3.7,83.7,183.7,40.5,1.31,39.2,41.6,174.1,Moderate
2022-12-16,00:00,Lucknow,12,0,10.3,52.1,6.3,114.9,221.0,104.5,0.56,20.3,30.5,272.0,Poor
2022-12-16,12:00,Kanpur,12,12,11.0,74.6,16.0,339.0,677.6,135.7,0.96,37.9,17.4,500.0,Severe
2022-12-17,00:00,Agra,12,0,7.4,61.1,8.1,171.0,390.8,41.0,0.92,56.1,24.6,372.7,Very Poor
2022-12-17,12:00,Mathura,12,12,3.9,68.7,4.6,152.2,259.5,85.3,3.19,4.9,16.9,339.8,Very Poor
2022-12-18,00:00,Varanasi,12,0,9.6,55.7,8.7,143.6,282.2,34.9,0.78,21.0,112.3,339.9,Very Poor
2022-12-18,12:00,Allahabad,12,12,0.4,57.4,4.1,11.4,32.3,41.3,2.1,16.4,9.1,27.8,Good
2022-12-19,00:00,Delhi,12,0,1.1,54.8,17.9,81.9,161.8,40.1,1.93,30.6,55.8,178.3,Moderate
2022-12-19,12:00,Mumbai,12,12,10.7,50.4,17.2,95.3,207.0,14.7,1.2,14.3,45.6,215.8,Poor
2022-12-20,00:00,Lucknow,12,0,11.2,59.3,7.6,109.9,183.4,12.6,0.21,9.4,33.9,261.0,Poor
2022-12-20,12:00,Kanpur,12,12,8.8,83.8,2.9,120.9,228.4,208.5,0.48,42.3,12.6,307.5,Very Poor
2022-12-21,00:00,Agra,12,0,4.5,76.2,0.8,129.4,213.9,16.0,0.13,46.2,50.3,318.0,Very Poor
2022-12-21,12:00,Mathura,12,12,9.2,61.6,3.7,78.5,142.9,23.1,1.33,9.7,25.2,158.3,Moderate
2022-12-22,00:00,Varanasi,12,0,7.4,52.6,19.5,23.3,47.4,23.9,0.91,3.8,50.7,41.8,Good
2022-12-22,12:00,Allahabad,12,12,7.1,58.2,5.1,69.4,142.7,23.3,0.66,13.5,36.3,133.0,Moderate
2022-12-23,00:00,Delhi,12,0,3.5,55.8,2.2,117.8,240.3,43.5,1.97,18.6,20.5,283.4,Poor
2022-12-23,12:00,Mumbai,12,12,8.4,58.9,15.6,126.5,196.1,31.7,3.4,6.7,39.3,305.8,Very Poor
2022-12-24,00:00,Lucknow,12,0,10.5,65.6,0.9,49.2,93.5,33.5,1.31,3.3,32.6,87.5,Satisfactory
2022-12-24,12:00,Kanpur,12,12,8.2,68.2,6.8,369.4,853.5,57.0,3.36,47.0,16.0,500.0,Severe
2022-12-25,00:00,Agra,12,0,13.6,79.0,3.1,32.3,71.0,15.7,0.57,33.3,16.3,73.6,Satisfactory
2022-12-25,12:00,Mathura,12,12,5.9,40.6,0.7,102.1,214.1,50.9,0.32,19.8,20.1,240.2,Poor
2022-12-26,00:00,Varanasi,12,0,12.1,56.1,0.5,172.0,398.2,65.2,3.28,22.1,29.3,375.5,Very Poor
2022-12-26,12:00,Allahabad,12,12,7.6,66.7,8.4,184.1,270.2,43.1,2.04,18.1,81.5,403.4,Severe
2022-12-27,00:00,Delhi,12,0,15.6,56.8,6.6,130.9,264.1,57.1,0.92,26.5,52.2,317.2,Very Poor
2022-12-27,12:00,Mumbai,12,12,7.7,66.5,5.4,133.0,308.4,100.1,3.11,19.5,8.2,319.5,Very Poor
2022-12-28,00:00,Lucknow,12,0,10.2,64.3,0.8,99.1,141.4,46.3,0.21,1.0,22.7,231.6,Poor
2022-12-28,12:00,Kanpur,12,12,9.5,51.3,7.8,217.3,542.9,159.6,6.45,1.0,52.8,498.6,Severe
2022-12-29,00:00,Agra,12,0,11.2,57.0,2.3,104.0,193.6,17.7,2.58,3.2,91.1,252.5,Poor
2022-12-29,12:00,Mathura,12,12,7.9,72.0,7.4,154.6,402.7,13.1,2.15,17.7,14.5,362.8,Very Poor
2022-12-30,00:00,Varanasi,12,0,7.2,53.4,15.1,86.9,158.1,98.3,1.97,20.9,43.4,196.9,Moderate
2022-12-30,12:00,Allahabad,12,12,10.8,51.5,0.5,66.7,152.9,25.9,2.03,83.6,18.6,143.5,Moderate
2022-12-31,00:00,Delhi,12,0,11.7,53.2,6.2,69.7,124.1,10.2,1.02,19.6,16.0,130.9,Moderate
2022-12-31,12:00,Mumbai,12,12,16.0,55.6,7.2,42.0,58.8,45.1,1.77,7.1,70.7,66.2,Satisfactory
2023-01-01,00:00,Lucknow,1,0,13.3,68.9,7.2,67.5,131.1,43.2,0.1,26.6,58.3,126.4,Moderate
2023-01-01,12:00,Kanpur,1,12,11.6,90.7,2.2,61.4,112.6,61.6,1.04,68.5,5.5,114.7,Moderate
2023-01-02,00:00,Agra,1,0,14.1,49.7,3.5,67.3,124.8,25.6,1.26,30.7,9.4,125.8,Moderate
2023-01-02,12:00,Mathura,1,12,10.2,72.6,0.8,38.4,67.2,12.0,3.74,78.5,31.7,68.6,Satisfactory
2023-01-03,00:00,Varanasi,1,0,16.8,65.1,19.4,88.3,184.6,3.8,1.32,35.4,30.1,190.3,Moderate
2023-01-03,12:00,Allahabad,1,12,12.4,89.0,1.0,163.2,319.2,88.1,3.82,18.7,16.6,360.4,Very Poor
2023-01-04,00:00,Delhi,1,0,11.2,60.5,4.0,74.7,155.0,28.5,2.02,46.8,19.3,155.6,Moderate
2023-01-04,12:00,Mumbai,1,12,12.2,53.7,11.6,13.8,33.7,102.0,3.83,8.8,37.6,34.3,Good
2023-01-05,00:00,Lucknow,1,0,15.0,72.9,26.0,90.2,218.6,16.1,4.7,1.0,59.3,198.8,Moderate
2023-01-05,12:00,Kanpur,1,12,10.3,70.4,1.3,189.4,448.5,37.7,2.09,14.9,29.1,418.2,Severe
2023-01-06,00:00,Agra,1,0,19.3,72.2,2.5,63.2,149.1,72.8,0.39,21.6,49.2,133.5,Moderate
2023-01-06,12:00,Mathura,1,12,9.5,68.5,5.7,124.0,238.9,20.5,1.87,36.7,47.0,304.1,Very Poor
2023-01-07,00:00,Varanasi,1,0,15.6,67.0,8.3,30.7,35.4,68.7,1.49,12.9,90.4,64.6,Satisfactory
2023-01-07,12:00,Allahabad,1,12,11.3,79.9,1.0,252.3,499.1,40.5,2.04,55.6,50.2,500.0,Severe
2023-01-08,00:00,Delhi,1,0,13.1,76.7,3.3,157.9,264.2,37.6,0.72,33.9,45.3,362.1,Very Poor
2023-01-08,12:00,Mumbai,1,12,8.9,73.3,3.8,163.0,337.0,65.9,3.46,29.0,5.0,376.7,Very Poor
2023-01-09,00:00,Lucknow,1,0,5.0,64.3,11.3,28.3,48.1,65.5,0.91,14.6,21.1,47.1,Good
2023-01-09,12:00,Kanpur,1,12,15.6,72.6,6.3,198.1,455.8,47.3,0.16,11.2,29.1,435.3,Severe
2023-01-10,00:00,Agra,1,0,9.8,63.5,5.5,45.6,114.1,77.4,1.61,31.4,18.3,113.3,Moderate
2023-01-10,12:00,Mathura,1,12,11.7,85.7,1.0,110.3,236.9,55.5,2.75,7.4,29.1,259.4,Poor
2023-01-11,00:00,Varanasi,1,0,14.2,66.8,26.3,95.6,167.4,14.7,0.75,37.5,56.9,222.7,Poor
2023-01-11,12:00,Allahabad,1,12,10.9,81.5,0.5,112.5,251.4,65.1,1.35,14.3,5.9,271.9,Poor
2023-01-12,00:00,Delhi,1,0,12.4,77.0,1.0,54.6,100.3,26.4,4.01,30.9,31.3,99.4,Satisfactory
2023-01-12,12:00,Mumbai,1,12,6.3,100.0,1.8,83.7,153.7,2.2,1.39,50.9,5.9,186.1,Moderate
2023-01-13,00:00,Lucknow,1,0,15.1,50.3,9.6,69.0,109.8,28.4,2.7,17.0,34.7,134.2,Moderate
2023-01-13,12:00,Kanpur,1,12,9.7,77.5,0.5,155.1,299.2,60.4,2.24,44.9,32.5,354.0,Very Poor
2023-01-14,00:00,Agra,1,0,14.7,68.3,11.7,135.3,219.7,9.8,1.1,1.8,20.3,331.2,Very Poor
2023-01-14,12:00,Mathura,1,12,14.7,74.6,0.6,117.0,289.4,34.7,1.34,53.7,10.5,287.9,Poor
2023-01-15,00:00,Varanasi,1,0,15.7,73.6,3.6,57.7,98.9,60.5,0.61,27.1,15.3,99.4,Satisfactory
2023-01-15,12:00,Allahabad,1,12,14.2,70.4,1.6,148.2,376.8,18.5,0.59,1.0,31.0,345.2,Very Poor
2023-01-16,00:00,Delhi,1,0,14.1,66.4,1.0,80.9,118.2,30.8,0.48,49.1,15.4,171.3,Moderate
2023-01-16,12:00,Mumbai,1,12,12.5,74.6,6.9,65.9,127.2,117.1,1.42,41.8,8.3,121.3,Moderate
2023-01-17,00:00,Lucknow,1,0,4.8,72.6,4.4,18.1,34.5,11.4,2.63,17.2,5.0,39.2,Good
2023-01-17,12:00,Kanpur,1,12,7.6,80.2,0.5,199.5,343.1,48.4,3.69,15.2,7.3,420.3,Severe
2023-01-18,00:00,Agra,1,0,10.0,93.5,5.0,77.8,111.9,29.6,1.19,11.4,38.5,160.6,Moderate
2023-01-18,12:00,Mathura,1,12,13.4,69.8,29.5,121.6,247.5,58.2,0.33,13.9,27.5,307.1,Very Poor
2023-01-19,00:00,Varanasi,1,0,8.7,72.7,12.7,133.1,227.1,11.6,0.5,4.5,98.1,323.4,Very Poor
2023-01-19,12:00,Allahabad,1,12,12.1,68.9,4.0,116.5,218.2,8.8,1.18,19.5,62.7,288.4,Poor
2023-01-20,00:00,Delhi,1,0,8.8,50.7,12.6,59.5,115.0,58.6,2.36,14.5,40.6,104.9,Moderate
2023-01-20,12:00,Mumbai,1,12,6.7,80.9,9.0,140.0,250.0,122.3,1.69,5.1,31.3,331.3,Very Poor
2023-01-21,00:00,Lucknow,1,0,12.1,69.5,0.5,53.5,114.8,61.7,1.44,16.7,42.3,113.6,Moderate
2023-01-21,12:00,Kanpur,1,12,17.3,80.7,18.7,116.9,278.9,79.4,3.33,26.8,48.0,297.4,Poor
2023-01-22,00:00,Agra,1,0,12.6,55.9,8.2,104.7,250.8,35.0,2.07,17.5,79.1,243.3,Poor
2023-01-22,12:00,Mathura,1,12,7.6,72.5,3.8,240.9,405.6,41.8,0.89,30.0,39.5,488.7,Severe
2023-01-23,00:00,Varanasi,1,0,12.7,83.0,0.8,72.7,141.0,81.1,0.82,47.2,37.4,140.5,Moderate
2023-01-23,12:00,Allahabad,1,12,10.3,68.6,10.6,32.1,52.5,26.4,0.4,16.5,53.9,57.5,Satisfactory
2023-01-24,00:00,Delhi,1,0,11.0,56.7,2.6,19.9,20.0,66.3,1.64,6.5,23.6,30.3,Good
2023-01-24,12:00,Mumbai,1,12,14.9,58.0,10.9,69.8,106.9,137.2,1.55,30.0,69.7,137.1,Moderate
2023-01-25,00:00,Lucknow,1,0,12.9,64.5,2.6,187.4,350.3,40.1,0.57,15.4,19.6,404.8,Severe
2023-01-25,12:00,Kanpur,1,12,14.3,59.1,6.9,350.5,834.4,106.1,1.49,4.4,16.2,498.6,Severe
2023-01-26,00:00,Agra,1,0,14.5,68.4,5.5,86.4,143.8,17.0,1.74,19.9,55.5,195.8,Moderate
2023-01-26,12:00,Mathura,1,12,13.3,66.1,0.8,124.9,292.2,129.3,2.02,40.6,30.6,307.7,Very Poor
2023-01-27,00:00,Varanasi,1,0,9.9,77.9,5.7,112.4,237.5,36.2,0.62,35.1,14.2,275.9,Poor
2023-01-27,12:00,Allahabad,1,12,8.2,76.2,0.6,36.0,70.7,262.6,3.66,2.1,10.9,70.6,Satisfactory
2023-01-28,00:00,Delhi,1,0,11.7,83.4,17.8,174.9,345.1,39.9,2.27,28.1,99.4,377.9,Very Poor
2023-01-28,12:00,Mumbai,1,12,2.7,74.7,2.6,72.8,113.0,28.0,0.53,1.0,20.4,145.2,Moderate
2023-01-29,00:00,Lucknow,1,0,9.7,49.4,0.5,19.6,40.5,2.0,0.86,24.4,65.7,24.0,Good
2023-01-29,12:00,Kanpur,1,12,5.9,60.5,2.2,364.6,666.7,23.0,1.95,48.7,25.7,497.0,Severe
2023-01-30,00:00,Agra,1,0,11.9,75.2,1.5,209.2,453.4,8.1,0.99,11.5,91.0,438.6,Severe
2023-01-30,12:00,Mathura,1,12,9.7,74.8,4.3,292.3,462.0,79.5,11.69,31.3,34.2,498.2,Severe
2023-01-31,00:00,Varanasi,1,0,14.4,65.0,6.1,70.1,122.5,8.3,0.76,17.2,25.5,133.4,Moderate
2023-01-31,12:00,Allahabad,1,12,14.9,77.7,1.3,138.9,206.3,63.5,2.15,22.4,5.8,326.2,Very Poor
2023-02-01,00:00,Delhi,2,0,20.1,75.1,0.5,154.4,255.6,103.2,3.64,8.0,18.0,342.2,Very Poor
2023-02-01,12:00,Mumbai,2,12,19.8,90.6,0.9,139.6,325.1,46.0,2.54,26.7,17.7,333.1,Very Poor
2023-02-02,00:00,Lucknow,2,0,14.7,82.4,7.0,46.0,88.8,23.4,0.3,19.6,19.0,92.2,Satisfactory
2023-02-02,12:00,Kanpur,2,12,20.0,71.9,5.3,63.0,144.4,3.3,0.71,28.3,30.7,131.9,Moderate
2023-02-03,00:00,Agra,2,0,17.7,55.1,4.6,93.1,157.0,28.4,2.09,43.3,39.6,210.2,Poor
2023-02-03,12:00,Mathura,2,12,20.4,80.2,2.8,76.8,197.8,34.0,2.32,7.0,5.0,168.5,Moderate
2023-02-04,00:00,Varanasi,2,0,21.4,69.4,4.1,81.9,145.5,5.3,1.49,1.0,50.1,171.9,Moderate
2023-02-04,12:00,Allahabad,2,12,18.5,75.9,2.0,38.2,65.5,24.8,1.37,13.2,68.5,64.2,Satisfactory
2023-02-05,00:00,Delhi,2,0,18.3,87.9,2.8,201.0,469.2,29.6,0.28,4.7,81.9,446.4,Severe
2023-02-05,12:00,Mumbai,2,12,22.5,74.2,3.5,128.4,253.3,76.9,3.05,31.3,5.6,316.2,Very Poor
2023-02-06,00:00,Lucknow,2,0,20.6,89.1,10.1,74.6,173.2,18.2,2.81,18.4,41.9,154.1,Moderate
2023-02-06,12:00,Kanpur,2,12,13.8,78.8,5.7,121.3,270.3,125.1,7.22,53.8,46.9,296.2,Poor
2023-02-07,00:00,Agra,2,0,19.8,79.8,5.9,30.4,59.1,70.1,0.64,11.2,27.7,61.2,Satisfactory
2023-02-07,12:00,Mathura,2,12,17.5,86.4,1.2,62.2,97.2,25.0,3.85,22.1,5.0,111.8,Moderate
2023-02-08,00:00,Varanasi,2,0,19.5,92.7,5.6,44.3,87.1,20.9,3.02,31.6,102.0,83.6,Satisfactory
2023-02-08,12:00,Allahabad,2,12,20.4,76.5,5.9,80.2,169.8,77.4,0.96,54.4,5.0,181.5,Moderate
2023-02-09,00:00,Delhi,2,0,17.7,82.3,3.6,94.6,176.4,5.2,2.59,12.6,21.7,212.7,Poor
2023-02-09,12:00,Mumbai,2,12,16.0,66.1,8.9,128.7,301.2,31.1,1.44,37.0,13.8,311.5,Very Poor
2023-02-10,00:00,Lucknow,2,0,21.3,83.1,2.2,37.4,62.3,46.9,5.13,23.7,13.8,65.7,Satisfactory
2023-02-10,12:00,Kanpur,2,12,21.2,88.6,1.4,98.8,156.3,64.2,0.38,63.8,31.4,222.4,Poor
2023-02-11,00:00,Agra,2,0,21.4,80.1,3.4,27.1,42.8,31.9,0.28,3.7,39.1,51.5,Satisfactory
2023-02-11,12:00,Mathura,2,12,14.3,71.2,2.0,40.5,90.7,28.9,1.35,50.6,16.1,81.8,Satisfactory
2023-02-12,00:00,Varanasi,2,0,17.9,89.5,7.6,22.6,71.3,32.1,1.82,40.8,50.4,59.7,Satisfactory
2023-02-12,12:00,Allahabad,2,12,18.5,92.5,3.8,167.8,254.5,21.1,2.74,23.6,39.2,381.5,Very Poor
2023-02-13,00:00,Delhi,2,0,17.9,70.1,2.4,145.1,266.3,22.4,1.28,17.5,17.2,341.6,Very Poor
2023-02-13,12:00,Mumbai,2,12,20.4,77.3,0.5,89.4,174.6,25.4,2.14,16.6,5.0,194.4,Moderate
2023-02-14,00:00,Lucknow,2,0,22.6,75.8,5.9,50.4,96.0,102.4,0.76,16.7,11.9,96.0,Satisfactory
2023-02-14,12:00,Kanpur,2,12,12.4,99.0,0.7,343.8,624.8,72.3,1.52,182.0,66.5,495.6,Severe
2023-02-15,00:00,Agra,2,0,21.8,83.7,5.8,179.6,345.9,13.4,1.08,27.1,27.4,386.6,Very Poor
2023-02-15,12:00,Mathura,2,12,16.7,66.7,9.6,33.6,79.0,47.2,1.8,22.3,73.3,80.7,Satisfactory
2023-02-16,00:00,Varanasi,2,0,16.7,68.6,4.3,140.7,244.6,3.5,1.39,10.5,60.1,331.3,Very Poor
2023-02-16,12:00,Allahabad,2,12,14.5,81.0,8.2,113.4,162.6,42.0,1.41,52.0,5.8,276.7,Poor
2023-02-17,00:00,Delhi,2,0,18.4,65.1,0.9,74.5,136.8,40.3,0.73,3.9,16.3,146.4,Moderate
2023-02-17,12:00,Mumbai,2,12,17.2,75.0,3.2,28.9,40.3,75.4,1.8,1.6,30.8,43.5,Good
2023-02-18,00:00,Lucknow,2,0,12.4,83.8,22.7,98.9,212.4,7.9,0.52,11.4,69.1,226.2,Poor
2023-02-18,12:00,Kanpur,2,12,19.8,81.7,9.6,152.7,265.9,8.6,0.95,88.5,7.0,355.8,Very Poor
2023-02-19,00:00,Agra,2,0,17.3,64.1,8.4,94.2,215.4,43.6,0.94,2.1,49.8,210.5,Poor
2023-02-19,12:00,Mathura,2,12,18.3,74.3,5.5,126.4,221.6,47.0,3.67,41.0,16.1,311.1,Very Poor
2023-02-20,00:00,Varanasi,2,0,13.6,83.2,14.7,67.1,121.3,18.5,1.16,18.7,58.7,127.8,Moderate
2023-02-20,12:00,Allahabad,2,12,12.4,71.9,1.7,147.0,343.8,75.5,0.77,44.1,22.9,333.7,Very Poor
2023-02-21,00:00,Delhi,2,0,19.1,80.8,1.0,255.8,399.7,41.1,1.75,5.4,84.0,499.1,Severe
2023-02-21,12:00,Mumbai,2,12,21.0,78.2,5.5,46.2,74.4,9.4,0.53,48.1,29.4,77.1,Satisfactory
2023-02-22,00:00,Lucknow,2,0,20.8,91.3,4.7,40.5,95.9,70.2,3.68,7.5,21.5,98.8,Satisfactory
2023-02-22,12:00,Kanpur,2,12,21.1,90.2,1.0,80.2,204.8,142.5,2.74,33.2,22.7,179.3,Moderate
2023-02-23,00:00,Agra,2,0,17.7,100.0,21.1,36.9,58.2,23.3,0.46,20.3,83.6,62.0,Satisfactory
2023-02-23,12:00,Mathura,2,12,17.4,76.6,0.7,72.3,138.5,125.6,1.47,75.1,13.1,137.0,Moderate
2023-02-24,00:00,Varanasi,2,0,12.9,83.0,11.6,59.8,94.0,66.5,0.71,8.4,25.8,92.2,Satisfactory
2023-02-24,12:00,Allahabad,2,12,18.1,67.4,3.5,357.4,844.0,23.3,0.69,91.7,43.9,499.7,Severe
2023-02-25,00:00,Delhi,2,0,17.2,76.6,2.8,92.9,235.1,25.3,1.36,7.1,53.4,221.6,Poor
2023-02-25,12:00,Mumbai,2,12,16.4,77.9,2.7,96.5,181.3,74.4,0.82,12.6,45.0,222.9,Poor
2023-02-26,00:00,Lucknow,2,0,12.7,86.7,10.7,94.4,217.6,118.9,0.46,17.9,21.7,217.5,Poor
2023-02-26,12:00,Kanpur,2,12,18.1,92.9,0.8,263.2,662.7,70.4,0.58,42.2,28.3,496.4,Severe
2023-02-27,00:00,Agra,2,0,22.5,73.2,11.3,46.0,65.4,25.3,0.97,4.9,51.0,78.5,Satisfactory
2023-02-27,12:00,Mathura,2,12,13.4,85.7,0.5,178.3,288.3,8.7,3.51,6.4,44.2,389.5,Very Poor
2023-02-28,00:00,Varanasi,2,0,18.4,73.7,3.6,78.0,180.0,10.8,0.21,9.2,7.4,153.8,Moderate
2023-02-28,12:00,Allahabad,2,12,15.0,85.8,0.5,114.1,172.8,54.3,3.86,23.2,12.8,284.4,Poor
2023-03-01,00:00,Delhi,3,0,29.6,80.2,16.6,94.4,163.8,28.1,1.37,1.7,21.9,218.2,Poor
2023-03-01,12:00,Mumbai,3,12,26.6,85.6,0.9,64.8,162.8,84.0,0.53,4.5,40.4,144.9,Moderate
2023-03-02,00:00,Lucknow,3,0,25.1,85.3,18.6,87.2,181.2,95.0,0.24,57.5,39.5,192.2,Moderate
2023-03-02,12:00,Kanpur,3,12,26.3,86.8,1.0,61.1,97.2,71.6,0.38,27.4,14.1,108.6,Moderate
2023-03-03,00:00,Agra,3,0,27.0,77.0,8.9,42.6,98.2,13.1,0.88,15.5,54.6,99.5,Satisfactory
2023-03-03,12:00,Mathura,3,12,19.5,87.5,22.1,92.9,168.6,56.8,1.52,9.4,51.8,217.3,Poor
2023-03-04,00:00,Varanasi,3,0,18.3,82.4,3.4,52.1,93.2,6.8,2.63,7.7,62.5,94.8,Satisfactory
2023-03-04,12:00,Allahabad,3,12,26.5,94.3,0.5,88.9,208.8,78.7,1.71,15.5,30.6,196.8,Moderate
2023-03-05,00:00,Delhi,3,0,26.2,100.0,2.6,40.4,69.7,35.3,1.12,8.0,66.2,73.4,Satisfactory
2023-03-05,12:00,Mumbai,3,12,25.5,83.3,0.5,48.1,93.8,74.0,1.24,75.6,19.3,95.5,Satisfactory
2023-03-06,00:00,Lucknow,3,0,21.7,81.6,1.5,64.0,131.6,47.5,1.34,43.6,43.1,120.0,Moderate
2023-03-06,12:00,Kanpur,3,12,27.6,80.6,2.1,63.2,105.4,18.2,0.31,23.2,111.4,112.4,Moderate
2023-03-07,00:00,Agra,3,0,25.6,91.4,1.7,24.7,62.8,72.0,1.07,18.9,38.6,69.8,Satisfactory
2023-03-07,12:00,Mathura,3,12,23.3,94.6,3.1,94.7,217.2,63.0,1.06,38.7,26.4,216.8,Poor
2023-03-08,00:00,Varanasi,3,0,26.4,92.2,11.3,38.6,43.9,34.4,0.94,30.6,35.2,67.4,Satisfactory
2023-03-08,12:00,Allahabad,3,12,22.1,80.5,8.1,86.2,184.7,17.0,2.0,7.1,21.0,182.4,Moderate
2023-03-09,00:00,Delhi,3,0,21.0,94.9,18.2,39.3,67.0,44.4,0.84,6.6,51.9,70.0,Satisfactory
2023-03-09,12:00,Mumbai,3,12,28.3,81.6,0.5,43.7,98.5,10.5,0.84,18.3,46.0,88.5,Satisfactory
2023-03-10,00:00,Lucknow,3,0,23.6,73.2,0.9,76.4,141.1,11.5,2.4,18.6,45.1,144.2,Moderate
2023-03-10,12:00,Kanpur,3,12,26.2,88.1,26.3,100.1,160.1,36.4,1.57,20.8,46.5,243.3,Poor
2023-03-11,00:00,Agra,3,0,26.0,100.0,1.1,25.6,62.5,17.8,0.1,6.3,12.9,69.5,Satisfactory
2023-03-11,12:00,Mathura,3,12,30.9,87.0,40.0,36.5,63.8,33.5,0.61,1.0,13.8,63.0,Satisfactory
2023-03-12,00:00,Varanasi,3,0,19.5,81.8,12.7,48.2,69.1,19.5,1.46,43.0,95.9,84.8,Satisfactory
2023-03-12,12:00,Allahabad,3,12,25.0,87.8,0.7,28.7,53.8,34.5,1.0,40.7,46.3,59.8,Satisfactory
2023-03-13,00:00,Delhi,3,0,24.3,87.7,20.7,83.6,132.5,13.3,1.95,35.5,23.3,176.1,Moderate
2023-03-13,12:00,Mumbai,3,12,25.4,82.1,4.0,75.2,149.7,21.5,0.54,14.1,50.4,151.1,Moderate
2023-03-14,00:00,Lucknow,3,0,27.0,89.6,0.9,77.8,191.9,50.7,0.99,24.1,43.1,159.6,Moderate
2023-03-14,12:00,Kanpur,3,12,28.5,90.0,14.9,211.0,466.6,40.2,1.03,4.5,27.6,450.4,Severe
2023-03-15,00:00,Agra,3,0,28.8,71.9,3.7,22.3,45.6,18.3,0.75,11.5,41.9,43.1,Good
2023-03-15,12:00,Mathura,3,12,25.2,95.4,9.8,11.9,39.1,21.9,5.4,31.0,106.9,30.1,Good
2023-03-16,00:00,Varanasi,3,0,27.5,98.7,10.7,116.3,191.6,2.0,1.04,16.5,23.7,292.8,Poor
2023-03-16,12:00,Allahabad,3,12,27.6,78.1,10.8,116.8,171.8,66.7,1.06,31.5,19.9,288.8,Poor
2023-03-17,00:00,Delhi,3,0,34.2,63.2,3.7,56.5,149.4,82.9,2.07,16.4,28.3,135.1,Moderate
2023-03-17,12:00,Mumbai,3,12,23.7,74.0,18.2,129.3,316.9,48.2,1.29,14.8,39.2,309.1,Very Poor
2023-03-18,00:00,Lucknow,3,0,21.0,74.6,1.9,65.4,123.1,16.7,1.11,21.1,67.9,115.3,Moderate
2023-03-18,12:00,Kanpur,3,12,23.5,100.0,5.3,48.7,93.8,6.0,2.03,51.2,20.6,98.5,Satisfactory
2023-03-19,00:00,Agra,3,0,20.7,65.3,21.8,27.9,39.6,11.4,0.32,8.3,41.8,38.3,Good
2023-03-19,12:00,Mathura,3,12,18.6,100.0,2.3,85.3,216.9,10.9,2.5,32.3,15.2,179.4,Moderate
2023-03-20,00:00,Varanasi,3,0,23.4,89.9,14.5,61.3,141.8,16.3,1.38,9.1,82.2,131.9,Moderate
2023-03-20,12:00,Allahabad,3,12,24.2,98.1,0.7,83.1,203.5,63.7,0.12,38.1,38.1,182.6,Moderate
2023-03-21,00:00,Delhi,3,0,21.7,84.9,0.8,79.5,130.7,55.1,1.01,8.9,31.3,166.9,Moderate
2023-03-21,12:00,Mumbai,3,12,26.0,85.1,1.8,53.8,95.7,31.8,3.21,72.2,5.0,87.7,Satisfactory
2023-03-22,00:00,Lucknow,3,0,31.2,79.7,2.4,12.4,22.3,30.9,0.82,1.4,50.8,18.6,Good
2023-03-22,12:00,Kanpur,3,12,23.3,85.5,11.1,178.4,390.3,11.0,0.58,17.2,8.9,391.5,Very Poor
2023-03-23,00:00,Agra,3,0,20.3,87.2,3.1,69.7,124.6,26.5,1.59,43.1,41.5,130.3,Moderate
2023-03-23,12:00,Mathura,3,12,25.0,100.0,2.3,167.8,306.2,19.6,0.86,18.3,66.7,372.5,Very Poor
2023-03-24,00:00,Varanasi,3,0,26.4,99.2,2.7,58.2,125.7,36.7,0.27,14.1,74.5,114.4,Moderate
2023-03-24,12:00,Allahabad,3,12,26.7,75.1,2.8,153.1,326.8,69.6,3.26,21.7,27.5,344.0,Very Poor
2023-03-25,00:00,Delhi,3,0,28.4,91.6,1.4,36.4,89.5,71.6,0.55,42.0,8.1,86.9,Satisfactory
2023-03-25,12:00,Mumbai,3,12,27.8,98.0,9.8,69.8,162.0,49.2,1.14,20.4,40.1,145.4,Moderate
2023-03-26,00:00,Lucknow,3,0,21.6,100.0,3.4,123.5,276.1,89.0,2.07,43.3,16.5,308.0,Very Poor
2023-03-26,12:00,Kanpur,3,12,21.3,94.2,1.7,187.0,391.6,65.9,3.88,2.2,30.1,403.3,Severe
2023-03-27,00:00,Agra,3,0,23.3,85.1,20.1,73.7,157.4,55.4,1.14,17.0,36.8,141.6,Moderate
2023-03-27,12:00,Mathura,3,12,22.6,71.8,17.4,55.1,96.7,69.9,1.56,21.2,8.8,106.2,Moderate
2023-03-28,00:00,Varanasi,3,0,24.9,77.9,6.2,68.2,109.4,17.7,1.1,17.1,44.1,127.7,Moderate
2023-03-28,12:00,Allahabad,3,12,22.9,94.3,4.6,51.7,102.9,59.4,0.99,13.4,23.7,104.3,Moderate
2023-03-29,00:00,Delhi,3,0,26.3,87.8,0.5,59.7,104.0,21.9,0.28,14.3,27.8,102.6,Moderate
2023-03-29,12:00,Mumbai,3,12,22.6,100.0,5.4,163.6,307.5,22.5,0.31,23.3,11.1,369.7,Very Poor
2023-03-30,00:00,Lucknow,3,0,27.5,87.9,7.5,38.8,65.7,2.0,1.82,16.3,28.2,55.2,Satisfactory
2023-03-30,12:00,Kanpur,3,12,29.6,63.0,11.0,31.0,69.9,22.2,0.86,37.7,41.0,67.5,Satisfactory
2023-03-31,00:00,Agra,3,0,29.8,94.0,20.2,37.7,96.3,27.5,0.2,2.2,5.0,90.6,Satisfactory
2023-03-31,12:00,Mathura,3,12,27.5,100.0,8.5,125.8,276.9,77.5,1.25,20.2,58.8,312.5,Very Poor
2023-04-01,00:00,Varanasi,4,0,31.4,85.8,4.6,126.6,210.6,49.8,1.2,46.9,20.7,312.5,Very Poor
2023-04-01,12:00,Allahabad,4,12,36.2,84.5,0.8,208.7,466.9,88.0,2.4,42.1,78.2,450.8,Severe
2023-04-02,00:00,Delhi,4,0,31.2,84.8,7.3,105.6,222.1,38.5,0.61,12.8,21.9,248.3,Poor
2023-04-02,12:00,Mumbai,4,12,33.5,82.3,19.0,146.6,349.9,17.2,0.8,62.0,50.9,340.0,Very Poor
2023-04-03,00:00,Lucknow,4,0,31.8,72.1,3.1,18.9,38.9,52.0,0.8,17.9,5.0,38.2,Good
2023-04-03,12:00,Kanpur,4,12,29.3,69.9,14.4,204.5,333.1,103.0,1.62,44.1,51.6,427.1,Severe
2023-04-04,00:00,Agra,4,0,34.8,80.3,14.7,31.8,42.5,14.0,0.39,7.6,34.4,54.0,Satisfactory
2023-04-04,12:00,Mathura,4,12,33.3,90.9,1.1,42.8,87.0,79.4,0.41,31.0,12.2,83.6,Satisfactory
2023-04-05,00:00,Varanasi,4,0,32.0,89.5,7.3,77.1,171.1,4.1,1.03,1.0,7.4,159.1,Moderate
2023-04-05,12:00,Allahabad,4,12,32.7,71.1,4.4,136.3,217.1,39.1,0.7,9.8,97.8,332.9,Very Poor
2023-04-06,00:00,Delhi,4,0,36.3,86.8,20.4,109.7,215.7,25.6,0.91,4.7,6.9,262.0,Poor
2023-04-06,12:00,Mumbai,4,12,31.5,70.8,7.3,85.2,155.6,21.6,0.58,36.7,20.3,181.1,Moderate
2023-04-07,00:00,Lucknow,4,0,35.0,84.3,14.4,35.0,73.3,32.1,0.72,16.4,42.4,72.5,Satisfactory
2023-04-07,12:00,Kanpur,4,12,36.9,56.8,5.3,163.3,313.4,89.3,2.72,59.4,53.7,373.0,Very Poor
2023-04-08,00:00,Agra,4,0,29.0,92.4,5.3,21.7,33.6,25.0,2.27,2.6,13.4,32.6,Good
2023-04-08,12:00,Mathura,4,12,33.1,77.9,16.8,218.2,384.9,34.8,0.69,11.1,37.8,446.5,Severe
2023-04-09,00:00,Varanasi,4,0,38.0,74.7,2.1,41.6,71.1,8.3,1.68,39.4,58.0,74.3,Satisfactory
2023-04-09,12:00,Allahabad,4,12,32.5,88.5,1.1,88.5,224.5,18.1,1.49,13.2,21.4,196.1,Moderate
2023-04-10,00:00,Delhi,4,0,28.4,82.0,0.5,111.6,178.5,42.6,0.22,17.7,51.0,270.4,Poor
2023-04-10,12:00,Mumbai,4,12,34.3,93.3,17.3,67.8,98.4,9.1,0.67,10.2,33.6,125.9,Moderate
2023-04-11,00:00,Lucknow,4,0,32.1,83.7,8.4,76.1,130.6,32.5,1.17,6.9,74.6,160.3,Moderate
2023-04-11,12:00,Kanpur,4,12,31.5,89.8,0.5,407.3,933.7,29.0,2.42,5.3,41.2,498.7,Severe
2023-04-12,00:00,Agra,4,0,32.7,73.8,6.6,68.4,123.0,29.9,0.81,6.6,49.9,121.1,Moderate
2023-04-12,12:00,Mathura,4,12,27.3,68.9,3.7,74.5,151.7,50.2,2.16,26.2,97.4,148.9,Moderate
2023-04-13,00:00,Varanasi,4,0,34.3,61.4,0.6,113.0,276.0,22.2,0.8,38.5,22.0,278.0,Poor
2023-04-13,12:00,Allahabad,4,12,35.8,56.4,9.5,97.1,225.4,24.4,0.78,8.0,22.9,223.0,Poor
2023-04-14,00:00,Delhi,4,0,27.6,90.4,5.1,73.5,123.9,75.0,3.11,2.6,73.5,149.1,Moderate
2023-04-14,12:00,Mumbai,4,12,34.2,80.4,28.6,98.4,246.0,77.5,1.87,25.9,26.9,225.9,Poor
2023-04-15,00:00,Lucknow,4,0,31.0,100.0,2.2,62.8,157.4,21.5,0.1,13.4,13.3,140.8,Moderate
2023-04-15,12:00,Kanpur,4,12,35.0,85.7,9.8,92.4,230.1,100.4,0.53,28.6,12.0,207.9,Poor
2023-04-16,00:00,Agra,4,0,36.4,69.6,29.1,111.0,199.5,22.6,0.1,10.6,93.6,266.0,Poor
2023-04-16,12:00,Mathura,4,12,33.7,61.0,7.4,48.7,96.4,8.2,0.46,6.8,51.9,97.9,Satisfactory
2023-04-17,00:00,Varanasi,4,0,35.0,80.9,2.0,5.0,10.0,59.8,0.28,14.7,40.5,10.3,Good
2023-04-17,12:00,Allahabad,4,12,32.8,81.3,4.4,44.4,86.3,29.5,1.85,13.0,15.2,86.8,Satisfactory
2023-04-18,00:00,Delhi,4,0,30.7,68.4,10.7,11.5,26.7,32.2,1.04,58.1,48.3,26.4,Good
2023-04-18,12:00,Mumbai,4,12,29.1,74.8,2.2,57.8,116.3,23.7,0.92,17.3,29.4,111.7,Moderate
2023-04-19,00:00,Lucknow,4,0,41.3,75.0,9.4,28.4,55.2,15.5,0.1,5.5,58.0,59.9,Satisfactory
2023-04-19,12:00,Kanpur,4,12,31.3,94.9,7.6,25.0,40.0,38.0,1.89,44.6,12.0,40.8,Good
2023-04-20,00:00,Agra,4,0,30.1,72.8,40.0,26.1,71.0,16.9,0.45,1.1,90.5,74.5,Satisfactory
2023-04-20,12:00,Mathura,4,12,34.4,76.7,7.9,57.7,114.7,8.1,1.62,1.0,65.1,102.5,Moderate
2023-04-21,00:00,Varanasi,4,0,36.2,72.6,7.4,33.5,77.6,3.9,0.65,15.1,52.0,74.5,Satisfactory
2023-04-21,12:00,Allahabad,4,12,32.2,75.5,1.9,79.4,172.9,65.7,1.55,2.9,25.0,164.5,Moderate
2023-04-22,00:00,Delhi,4,0,29.1,90.2,1.3,124.8,235.7,23.0,1.34,24.5,67.0,315.9,Very Poor
2023-04-22,12:00,Mumbai,4,12,35.5,91.3,1.2,47.3,95.9,62.8,0.42,39.5,37.9,95.1,Satisfactory
2023-04-23,00:00,Lucknow,4,0,31.3,82.4,5.8,18.7,23.2,100.8,1.78,24.1,6.4,29.9,Good
2023-04-23,12:00,Kanpur,4,12,31.0,81.3,3.7,87.3,191.2,44.5,3.98,21.8,80.9,193.9,Moderate
2023-04-24,00:00,Agra,4,0,29.3,100.0,2.3,31.2,59.2,10.8,0.15,20.2,34.5,59.0,Satisfactory
2023-04-24,12:00,Mathura,4,12,30.7,89.9,1.3,141.3,246.2,11.3,0.1,47.3,31.9,324.0,Very Poor
2023-04-25,00:00,Varanasi,4,0,30.9,80.8,14.6,34.1,60.6,33.0,0.41,16.1,52.6,60.2,Satisfactory
2023-04-25,12:00,Allahabad,4,12,29.2,83.1,0.5,61.3,118.0,4.3,1.1,6.7,16.8,113.2,Moderate
2023-04-26,00:00,Delhi,4,0,34.4,83.4,0.5,52.3,129.3,33.7,1.35,6.3,54.9,119.9,Moderate
2023-04-26,12:00,Mumbai,4,12,31.2,84.3,2.6,46.9,68.8,78.6,1.7,20.0,32.8,82.4,Satisfactory
2023-04-27,00:00,Lucknow,4,0,34.3,94.9,2.3,78.3,154.8,29.6,2.2,14.8,32.2,162.9,Moderate
2023-04-27,12:00,Kanpur,4,12,32.2,84.3,0.5,81.8,200.7,119.2,0.32,68.1,9.0,180.1,Moderate
2023-04-28,00:00,Agra,4,0,34.0,90.1,0.9,12.7,16.4,27.3,1.36,1.0,41.2,21.5,Good
2023-04-28,12:00,Mathura,4,12,35.9,94.3,3.6,26.0,58.7,66.4,0.5,58.2,23.3,58.5,Satisfactory
2023-04-29,00:00,Varanasi,4,0,37.6,73.0,7.0,68.5,180.8,12.7,2.74,19.9,43.1,152.2,Moderate
2023-04-29,12:00,Allahabad,4,12,28.7,77.3,2.8,52.6,140.1,27.1,0.25,86.0,70.7,126.9,Moderate
2023-04-30,00:00,Delhi,4,0,33.8,95.7,0.6,124.1,217.7,95.9,1.21,8.4,28.3,315.2,Very Poor
2023-04-30,12:00,Mumbai,4,12,31.2,69.3,2.0,57.5,114.1,24.2,1.38,37.7,47.0,112.2,Moderate
2023-05-01,00:00,Lucknow,5,0,43.1,93.1,16.6,39.5,62.4,5.1,1.91,12.2,9.3,62.3,Satisfactory
2023-05-01,12:00,Kanpur,5,12,38.9,75.2,4.5,46.3,94.8,46.7,0.48,25.8,91.1,105.2,Moderate
2023-05-02,00:00,Agra,5,0,35.4,84.5,3.8,62.7,116.0,36.7,0.4,4.6,80.0,109.2,Moderate
2023-05-02,12:00,Mathura,5,12,39.6,68.7,0.6,57.5,130.9,16.5,0.99,5.2,109.9,124.5,Moderate
2023-05-03,00:00,Varanasi,5,0,41.6,82.5,1.2,70.5,167.4,28.3,0.6,5.6,91.7,159.7,Moderate
2023-05-03,12:00,Allahabad,5,12,39.1,81.1,6.8,88.8,195.0,36.2,0.88,10.1,27.1,194.7,Moderate
2023-05-04,00:00,Delhi,5,0,37.1,69.8,1.4,104.8,189.0,14.0,0.77,24.3,5.2,245.9,Poor
2023-05-04,12:00,Mumbai,5,12,38.5,86.3,4.1,84.5,206.5,65.6,0.75,1.4,55.7,178.3,Moderate
2023-05-05,00:00,Lucknow,5,0,42.2,82.5,2.5,53.7,135.4,28.4,0.19,2.4,39.8,121.8,Moderate
2023-05-05,12:00,Kanpur,5,12,34.9,79.1,0.5,140.2,323.0,12.7,2.78,7.5,66.7,336.7,Very Poor
2023-05-06,00:00,Agra,5,0,36.2,72.4,2.4,72.7,148.0,29.5,0.74,2.9,42.3,140.1,Moderate
2023-05-06,12:00,Mathura,5,12,37.5,66.4,18.2,79.0,134.3,31.7,1.06,4.8,96.9,177.6,Moderate
2023-05-07,00:00,Varanasi,5,0,41.1,73.0,25.0,5.0,10.0,31.5,0.77,9.5,5.0,15.3,Good
2023-05-07,12:00,Allahabad,5,12,37.9,65.6,1.5,88.1,140.2,7.2,0.9,2.8,51.9,195.2,Moderate
2023-05-08,00:00,Delhi,5,0,35.8,66.9,1.7,98.5,236.4,20.7,0.78,21.7,36.6,214.6,Poor
2023-05-08,12:00,Mumbai,5,12,33.5,79.7,5.0,131.7,290.1,34.9,0.15,11.8,51.3,321.1,Very Poor
2023-05-09,00:00,Lucknow,5,0,41.6,86.0,17.0,49.3,123.6,46.7,1.23,23.5,47.0,115.7,Moderate
2023-05-09,12:00,Kanpur,5,12,38.6,86.1,0.5,16.8,40.6,49.0,0.23,16.4,12.6,41.4,Good
2023-05-10,00:00,Agra,5,0,35.1,64.5,1.5,65.8,108.1,36.9,1.07,2.6,24.4,121.2,Moderate
2023-05-10,12:00,Mathura,5,12,34.1,63.4,4.3,80.9,164.9,29.3,1.61,51.9,63.7,161.6,Moderate
2023-05-11,00:00,Varanasi,5,0,42.5,69.6,5.1,24.5,73.0,17.1,0.83,27.8,19.1,79.8,Satisfactory
2023-05-11,12:00,Allahabad,5,12,40.7,69.8,14.0,22.3,34.9,25.0,0.21,10.8,34.6,39.5,Good
2023-05-12,00:00,Delhi,5,0,35.7,76.8,9.5,68.3,126.7,25.0,1.55,10.4,41.8,131.8,Moderate
2023-05-12,12:00,Mumbai,5,12,35.4,80.3,3.1,57.8,152.1,32.5,0.66,10.0,25.7,136.6,Moderate
2023-05-13,00:00,Lucknow,5,0,38.2,76.7,13.1,24.0,52.9,4.3,1.18,1.0,44.0,51.6,Satisfactory
2023-05-13,12:00,Kanpur,5,12,45.2,71.3,12.1,71.5,140.3,33.9,1.49,19.3,19.6,140.9,Moderate
2023-05-14,00:00,Agra,5,0,39.4,72.8,4.9,26.7,58.7,23.6,0.29,16.0,11.5,55.2,Satisfactory
2023-05-14,12:00,Mathura,5,12,38.3,100.0,5.4,18.0,46.0,19.7,0.49,16.2,17.3,46.7,Good
2023-05-15,00:00,Varanasi,5,0,39.2,73.4,7.8,17.2,61.9,21.1,0.46,7.6,113.7,52.0,Satisfactory
2023-05-15,12:00,Allahabad,5,12,38.9,54.8,8.7,81.5,165.2,8.5,3.87,8.1,115.3,170.9,Moderate
2023-05-16,00:00,Delhi,5,0,37.5,76.4,6.4,109.3,217.8,5.4,1.71,8.6,10.8,272.3,Poor
2023-05-16,12:00,Mumbai,5,12,39.7,76.6,5.9,82.8,186.2,13.8,0.28,14.6,63.8,177.1,Moderate
2023-05-17,00:00,Lucknow,5,0,38.4,64.8,25.3,5.7,10.0,5.1,0.43,21.2,59.2,5.3,Good
2023-05-17,12:00,Kanpur,5,12,38.3,78.9,6.3,107.0,257.3,13.9,0.88,85.9,43.9,261.7,Poor
2023-05-18,00:00,Agra,5,0,38.6,77.9,5.9,29.1,70.0,27.7,0.46,5.3,36.3,69.7,Satisfactory
2023-05-18,12:00,Mathura,5,12,30.8,68.8,6.0,106.3,213.6,14.2,0.85,24.0,14.1,255.0,Poor
2023-05-19,00:00,Varanasi,5,0,31.8,69.4,12.5,22.7,33.5,24.7,1.07,10.2,21.3,40.1,Good
2023-05-19,12:00,Allahabad,5,12,40.1,79.9,5.0,42.1,81.1,42.2,1.13,2.0,5.4,77.9,Satisfactory
2023-05-20,00:00,Delhi,5,0,41.6,61.4,2.7,57.1,95.3,98.4,0.16,7.2,5.0,91.2,Satisfactory
2023-05-20,12:00,Mumbai,5,12,36.7,93.9,29.4,92.8,167.0,36.7,0.24,2.9,15.3,206.2,Poor
2023-05-21,00:00,Lucknow,5,0,36.4,78.2,4.2,72.1,180.3,12.3,0.89,15.7,40.1,153.0,Moderate
2023-05-21,12:00,Kanpur,5,12,36.6,69.7,4.1,20.8,44.7,17.4,1.67,9.2,90.1,43.0,Good
2023-05-22,00:00,Agra,5,0,41.2,68.7,3.3,61.0,116.2,9.0,0.68,18.1,28.3,115.7,Moderate
2023-05-22,12:00,Mathura,5,12,40.9,58.9,15.5,114.0,241.9,30.0,1.47,41.7,26.5,275.1,Poor
2023-05-23,00:00,Varanasi,5,0,39.6,71.8,5.1,81.1,199.2,35.7,0.33,8.2,22.3,169.1,Moderate
2023-05-23,12:00,Allahabad,5,12,42.4,56.4,1.7,88.2,224.0,6.1,0.55,26.0,5.0,192.3,Moderate
2023-05-24,00:00,Delhi,5,0,33.6,58.4,31.9,67.4,92.7,67.4,0.45,3.7,56.2,127.1,Moderate
2023-05-24,12:00,Mumbai,5,12,36.5,76.4,6.6,40.7,91.4,16.8,0.93,26.0,109.7,96.5,Satisfactory
2023-05-25,00:00,Lucknow,5,0,38.2,64.6,10.7,64.4,143.4,13.0,1.05,28.4,53.7,136.7,Moderate
2023-05-25,12:00,Kanpur,5,12,38.3,86.6,1.6,49.1,79.7,25.8,1.67,15.2,85.4,82.5,Satisfactory
2023-05-26,00:00,Agra,5,0,42.3,82.6,11.8,18.9,34.4,19.5,0.44,26.0,89.7,31.8,Good
2023-05-26,12:00,Mathura,5,12,34.5,60.3,5.6,31.4,86.7,52.4,0.58,3.9,27.1,87.4,Satisfactory
2023-05-27,00:00,Varanasi,5,0,38.8,90.2,23.9,16.2,44.1,52.2,1.16,10.5,8.1,43.7,Good
2023-05-27,12:00,Allahabad,5,12,37.7,61.9,9.5,71.3,130.5,25.3,0.8,4.9,25.8,138.4,Moderate
2023-05-28,00:00,Delhi,5,0,44.7,74.8,5.8,41.2,99.1,40.6,0.34,4.5,18.5,95.5,Satisfactory
2023-05-28,12:00,Mumbai,5,12,28.4,67.6,10.3,52.0,95.3,23.4,0.11,1.2,14.6,100.4,Moderate
2023-05-29,00:00,Lucknow,5,0,36.9,77.9,7.2,44.6,81.2,51.8,0.11,3.5,5.0,80.2,Satisfactory
2023-05-29,12:00,Kanpur,5,12,37.1,80.8,1.3,68.3,99.2,19.7,0.46,18.9,38.1,133.7,Moderate
2023-05-30,00:00,Agra,5,0,34.0,76.0,21.2,24.5,34.5,22.8,0.81,12.9,48.2,36.8,Good
2023-05-30,12:00,Mathura,5,12,31.9,67.5,0.8,85.7,134.3,22.4,0.76,33.7,18.9,187.7,Moderate
2023-05-31,00:00,Varanasi,5,0,37.0,49.5,12.1,43.9,71.1,25.4,0.5,3.9,49.4,71.4,Satisfactory
2023-05-31,12:00,Allahabad,5,12,42.6,64.7,1.2,78.2,162.4,100.4,2.09,8.7,11.2,168.9,Moderate
2023-06-01,00:00,Delhi,6,0,37.0,71.8,16.5,71.2,148.7,56.7,0.1,25.9,57.8,143.8,Moderate
2023-06-01,12:00,Mumbai,6,12,39.0,54.9,1.5,61.2,149.6,35.8,0.54,36.6,22.8,127.5,Moderate
2023-06-02,00:00,Lucknow,6,0,43.0,52.5,5.6,34.1,58.4,37.3,0.37,4.1,42.4,54.1,Satisfactory
2023-06-02,12:00,Kanpur,6,12,41.2,64.8,27.1,37.7,117.6,85.3,0.49,1.0,22.9,121.4,Moderate
2023-06-03,00:00,Agra,6,0,42.0,46.3,8.6,25.0,66.8,30.8,0.89,5.3,9.9,61.2,Satisfactory
2023-06-03,12:00,Mathura,6,12,43.5,60.5,10.8,8.6,21.8,22.0,1.18,3.5,39.6,24.8,Good
2023-06-04,00:00,Varanasi,6,0,33.9,48.6,2.4,26.8,56.5,2.0,0.43,11.8,30.5,54.1,Satisfactory
2023-06-04,12:00,Allahabad,6,12,39.5,61.7,5.9,31.0,62.5,27.3,0.94,2.0,55.8,63.5,Satisfactory
2023-06-05,00:00,Delhi,6,0,43.9,58.5,1.9,37.3,63.5,18.5,0.1,13.7,21.9,60.4,Satisfactory
2023-06-05,12:00,Mumbai,6,12,38.3,38.9,9.4,62.9,153.1,28.6,0.76,13.0,49.9,136.9,Moderate
2023-06-06,00:00,Lucknow,6,0,43.0,52.9,7.6,44.0,87.0,32.7,0.52,3.5,59.2,90.9,Satisfactory
2023-06-06,12:00,Kanpur,6,12,39.2,61.5,0.5,63.1,99.7,83.1,1.03,27.5,21.7,106.0,Moderate
2023-06-07,00:00,Agra,6,0,43.4,76.8,13.9,32.7,70.1,27.5,0.52,7.5,26.7,67.2,Satisfactory
2023-06-07,12:00,Mathura,6,12,48.1,73.9,3.5,54.1,93.4,31.9,0.75,5.5,72.6,95.6,Satisfactory
2023-06-08,00:00,Varanasi,6,0,43.8,76.8,15.0,38.4,86.0,15.6,0.84,15.4,93.2,82.3,Satisfactory
2023-06-08,12:00,Allahabad,6,12,45.0,60.9,4.3,46.2,112.9,6.5,0.51,30.0,5.0,116.3,Moderate
2023-06-09,00:00,Delhi,6,0,43.7,69.2,3.1,96.1,234.3,28.8,0.13,14.4,62.1,220.6,Poor
2023-06-09,12:00,Mumbai,6,12,36.5,66.6,3.9,15.8,50.0,4.1,0.36,6.5,6.6,47.0,Good
2023-06-10,00:00,Lucknow,6,0,37.9,65.6,28.1,16.7,26.8,34.7,0.48,6.5,82.5,25.0,Good
2023-06-10,12:00,Kanpur,6,12,32.4,47.6,11.2,116.3,227.5,60.0,1.36,2.0,10.6,284.1,Poor
2023-06-11,00:00,Agra,6,0,32.4,65.7,3.9,35.8,89.5,6.7,0.47,6.3,125.8,90.4,Satisfactory
2023-06-11,12:00,Mathura,6,12,39.7,56.8,3.3,43.8,92.7,14.1,0.29,5.6,25.9,95.3,Satisfactory
2023-06-12,00:00,Varanasi,6,0,42.1,52.3,8.6,15.2,26.8,36.3,1.18,5.0,18.4,15.3,Good
2023-06-12,12:00,Allahabad,6,12,40.9,68.4,9.3,149.3,219.3,21.8,2.19,7.4,46.5,345.5,Very Poor
2023-06-13,00:00,Delhi,6,0,39.9,49.7,4.7,38.0,102.5,35.3,1.29,3.1,49.1,105.8,Moderate
2023-06-13,12:00,Mumbai,6,12,40.9,54.8,8.7,37.7,77.5,18.5,0.3,1.0,83.3,81.7,Satisfactory
2023-06-14,00:00,Lucknow,6,0,41.9,62.2,7.0,28.9,50.1,2.0,1.02,9.6,26.5,54.1,Satisfactory
2023-06-14,12:00,Kanpur,6,12,38.2,75.7,4.0,26.1,56.8,23.2,1.6,19.6,90.4,52.7,Satisfactory
2023-06-15,00:00,Agra,6,0,39.0,49.4,0.5,89.9,177.3,6.9,0.26,4.4,88.3,202.1,Poor
2023-06-15,12:00,Mathura,6,12,40.9,56.0,4.5,33.0,70.5,6.9,1.68,34.5,42.7,74.1,Satisfactory
2023-06-16,00:00,Varanasi,6,0,39.2,75.6,14.8,24.5,68.5,6.3,0.66,1.0,59.4,68.9,Satisfactory
2023-06-16,12:00,Allahabad,6,12,42.2,65.3,0.8,29.1,87.0,67.0,0.96,41.3,15.6,85.2,Satisfactory
2023-06-17,00:00,Delhi,6,0,41.1,66.9,0.5,54.4,134.3,30.6,0.1,10.9,19.2,127.7,Moderate
2023-06-17,12:00,Mumbai,6,12,42.7,71.9,5.7,54.0,100.5,42.4,0.2,14.5,28.0,97.4,Satisfactory
2023-06-18,00:00,Lucknow,6,0,39.3,43.2,11.1,52.8,98.8,13.2,0.1,3.7,5.0,108.5,Moderate
2023-06-18,12:00,Kanpur,6,12,38.1,66.1,4.2,85.8,133.1,29.7,0.88,11.2,48.5,187.0,Moderate
2023-06-19,00:00,Agra,6,0,44.7,72.1,39.5,20.3,43.7,18.5,0.58,1.0,26.3,36.8,Good
2023-06-19,12:00,Mathura,6,12,42.1,67.6,3.8,27.2,57.8,23.1,0.22,1.0,51.4,59.2,Satisfactory
2023-06-20,00:00,Varanasi,6,0,37.1,41.4,10.1,99.1,201.0,8.0,0.21,9.7,23.0,228.4,Poor
2023-06-20,12:00,Allahabad,6,12,43.1,58.0,23.0,49.3,91.1,36.3,0.93,6.3,40.9,84.5,Satisfactory
2023-06-21,00:00,Delhi,6,0,38.5,73.4,1.6,104.2,177.5,28.1,0.54,19.1,82.4,251.4,Poor
2023-06-21,12:00,Mumbai,6,12,35.6,65.2,0.5,67.0,118.0,29.9,0.23,9.3,71.7,121.6,Moderate
2023-06-22,00:00,Lucknow,6,0,39.5,60.4,10.3,22.0,42.2,9.3,0.18,21.9,41.7,38.4,Good
2023-06-22,12:00,Kanpur,6,12,34.7,69.3,2.9,85.5,197.9,43.7,1.01,25.0,5.0,182.9,Moderate
2023-06-23,00:00,Agra,6,0,42.7,49.7,21.4,37.7,70.2,37.1,0.51,4.6,27.2,79.7,Satisfactory
2023-06-23,12:00,Mathura,6,12,38.0,52.8,13.3,144.0,250.9,29.6,0.31,4.0,15.9,342.7,Very Poor
2023-06-24,00:00,Varanasi,6,0,42.5,56.6,0.5,35.9,61.7,37.7,0.74,27.3,34.0,52.8,Satisfactory
2023-06-24,12:00,Allahabad,6,12,40.6,61.3,8.4,35.7,73.4,43.9,1.8,5.1,49.2,68.7,Satisfactory
2023-06-25,00:00,Delhi,6,0,39.9,50.2,5.2,25.4,47.3,8.2,1.47,5.0,38.1,46.3,Good
2023-06-25,12:00,Mumbai,6,12,36.8,36.2,4.6,121.4,238.5,11.6,0.68,27.9,53.7,303.6,Very Poor
2023-06-26,00:00,Lucknow,6,0,46.1,47.1,35.1,36.0,63.8,12.0,0.94,8.6,18.5,64.2,Satisfactory
2023-06-26,12:00,Kanpur,6,12,37.3,52.5,12.5,128.1,278.8,99.1,1.24,10.6,62.1,319.7,Very Poor
2023-06-27,00:00,Agra,6,0,40.6,65.1,17.1,75.2,130.7,18.6,0.35,7.0,58.9,152.8,Moderate
2023-06-27,12:00,Mathura,6,12,46.2,69.2,0.6,55.9,138.6,26.3,0.21,1.0,71.8,110.4,Moderate
2023-06-28,00:00,Varanasi,6,0,42.4,71.2,33.3,28.0,63.3,19.9,0.29,15.1,9.5,57.3,Satisfactory
2023-06-28,12:00,Allahabad,6,12,44.0,54.5,1.0,146.1,227.9,92.7,1.22,21.7,24.7,339.4,Very Poor
2023-06-29,00:00,Delhi,6,0,36.1,72.0,6.4,156.0,236.7,18.6,0.14,1.0,23.0,355.6,Very Poor
2023-06-29,12:00,Mumbai,6,12,39.5,42.3,4.6,87.2,177.1,25.4,1.11,8.0,29.0,187.8,Moderate
2023-06-30,00:00,Lucknow,6,0,40.0,69.6,0.9,43.5,105.4,43.0,0.91,12.4,40.6,102.9,Moderate
2023-06-30,12:00,Kanpur,6,12,42.4,49.3,4.0,132.0,311.3,46.3,3.01,12.7,84.4,316.4,Very Poor
2023-07-01,00:00,Agra,7,0,35.7,29.7,12.4,27.9,67.9,12.8,0.67,19.4,15.1,67.6,Satisfactory
2023-07-01,12:00,Mathura,7,12,35.9,43.7,20.4,59.2,144.0,18.5,0.1,7.8,6.8,143.0,Moderate
2023-07-02,00:00,Varanasi,7,0,41.1,47.4,39.7,14.6,10.0,25.4,0.36,7.0,46.2,27.5,Good
2023-07-02,12:00,Allahabad,7,12,37.2,42.1,10.9,48.0,92.4,29.9,0.9,31.4,33.9,97.7,Satisfactory
2023-07-03,00:00,Delhi,7,0,39.4,42.1,8.9,6.3,10.0,6.5,0.9,19.1,6.4,18.7,Good
2023-07-03,12:00,Mumbai,7,12,39.8,40.1,21.1,55.2,126.3,21.6,0.18,7.7,31.3,119.4,Moderate
2023-07-04,00:00,Lucknow,7,0,30.6,48.4,25.1,8.3,10.0,11.0,0.1,8.3,42.3,4.2,Good
2023-07-04,12:00,Kanpur,7,12,35.6,52.3,25.2,19.5,42.0,75.3,3.42,1.0,105.2,45.7,Good
2023-07-05,00:00,Agra,7,0,35.8,50.4,11.9,22.2,38.9,2.0,0.32,3.5,115.2,37.0,Good
2023-07-05,12:00,Mathura,7,12,38.1,49.8,2.5,50.7,106.6,23.0,1.01,3.7,35.1,108.0,Moderate
2023-07-06,00:00,Varanasi,7,0,38.8,48.7,18.9,23.3,59.9,35.1,0.2,18.7,46.3,69.0,Satisfactory
2023-07-06,12:00,Allahabad,7,12,36.1,46.3,7.8,54.0,102.9,45.1,0.44,7.4,17.8,101.5,Moderate
2023-07-07,00:00,Delhi,7,0,38.4,45.8,2.8,15.0,39.4,5.8,0.37,2.8,57.4,37.9,Good
2023-07-07,12:00,Mumbai,7,12,34.4,35.7,2.9,12.1,23.1,4.0,0.99,1.0,44.2,19.9,Good
2023-07-08,00:00,Lucknow,7,0,43.9,52.9,9.7,19.2,47.8,36.7,0.74,33.0,64.5,44.7,Good
2023-07-08,12:00,Kanpur,7,12,35.5,43.6,12.4,67.6,112.0,49.3,0.95,4.1,31.2,137.4,Moderate
2023-07-09,00:00,Agra,7,0,37.6,29.9,4.0,8.5,29.4,22.5,0.56,7.3,40.9,37.0,Good
2023-07-09,12:00,Mathura,7,12,40.0,48.4,16.1,28.5,50.5,19.9,0.88,5.3,19.0,45.8,Good
2023-07-10,00:00,Varanasi,7,0,34.5,42.2,0.5,17.8,45.1,33.6,0.43,11.3,53.0,41.4,Good
2023-07-10,12:00,Allahabad,7,12,41.0,45.4,6.4,35.2,60.3,42.2,1.48,11.9,37.2,62.1,Satisfactory
2023-07-11,00:00,Delhi,7,0,38.7,54.2,1.6,86.4,187.8,11.0,0.1,5.7,11.1,191.2,Moderate
2023-07-11,12:00,Mumbai,7,12,34.2,38.1,0.9,16.3,26.9,2.0,0.1,8.6,24.6,29.7,Good
2023-07-12,00:00,Lucknow,7,0,32.4,59.5,14.3,9.1,35.8,9.5,0.87,1.0,30.7,39.8,Good
2023-07-12,12:00,Kanpur,7,12,38.2,46.4,2.4,59.1,102.7,46.8,0.61,13.7,5.0,101.0,Moderate
2023-07-13,00:00,Agra,7,0,34.8,66.5,0.5,24.0,67.5,9.4,0.31,1.0,93.2,65.4,Satisfactory
2023-07-13,12:00,Mathura,7,12,44.8,62.5,20.0,76.0,152.8,7.1,0.28,14.8,87.4,153.3,Moderate
2023-07-14,00:00,Varanasi,7,0,35.1,41.9,7.2,57.8,133.9,2.0,0.63,9.6,12.4,131.1,Moderate
2023-07-14,12:00,Allahabad,7,12,42.7,34.3,9.7,60.6,150.2,9.4,0.44,4.4,59.4,136.0,Moderate
2023-07-15,00:00,Delhi,7,0,38.8,42.2,5.0,31.1,97.5,26.3,0.51,6.9,16.6,101.9,Moderate
2023-07-15,12:00,Mumbai,7,12,34.5,53.6,19.5,48.9,85.1,6.4,0.14,1.0,34.3,78.6,Satisfactory
2023-07-16,00:00,Lucknow,7,0,36.6,56.5,16.7,33.9,61.9,22.5,0.45,1.0,12.4,52.0,Satisfactory
2023-07-16,12:00,Kanpur,7,12,39.3,35.7,2.2,48.6,77.8,29.9,0.82,1.0,104.7,78.8,Satisfactory
2023-07-17,00:00,Agra,7,0,36.4,43.6,11.0,22.1,55.0,2.4,0.39,10.5,30.0,54.1,Satisfactory
2023-07-17,12:00,Mathura,7,12,42.1,43.0,10.8,134.0,246.2,25.4,1.79,1.0,59.3,320.8,Very Poor
2023-07-18,00:00,Varanasi,7,0,36.9,40.3,0.6,9.3,34.7,2.0,0.35,20.3,8.3,45.4,Good
2023-07-18,12:00,Allahabad,7,12,41.3,41.0,1.0,33.8,38.3,36.4,0.23,6.2,10.0,60.4,Satisfactory
2023-07-19,00:00,Delhi,7,0,35.8,43.8,4.4,5.0,13.9,8.2,0.55,8.1,15.3,10.4,Good
2023-07-19,12:00,Mumbai,7,12,38.9,42.2,11.5,62.3,137.4,5.4,0.28,6.4,25.9,133.6,Moderate
2023-07-20,00:00,Lucknow,7,0,43.1,61.3,8.2,10.5,23.2,7.6,0.68,1.7,41.7,24.4,Good
2023-07-20,12:00,Kanpur,7,12,35.0,66.9,3.0,54.6,102.4,30.9,1.1,16.1,9.2,99.4,Satisfactory
2023-07-21,00:00,Agra,7,0,35.7,43.2,40.0,23.2,41.5,3.5,0.1,1.0,43.8,44.2,Good
2023-07-21,12:00,Mathura,7,12,37.8,34.4,13.4,44.0,69.9,10.7,0.67,5.3,8.4,76.6,Satisfactory
2023-07-22,00:00,Varanasi,7,0,37.2,52.0,1.9,28.9,65.8,4.9,0.99,1.0,24.2,74.1,Satisfactory
2023-07-22,12:00,Allahabad,7,12,35.7,42.4,5.8,28.2,46.0,2.0,0.91,13.8,107.2,48.5,Good
2023-07-23,00:00,Delhi,7,0,34.5,45.6,26.2,12.8,19.7,2.0,0.25,27.1,37.0,32.0,Good
2023-07-23,12:00,Mumbai,7,12,36.5,40.8,0.9,34.9,71.2,3.9,0.34,13.3,90.2,66.2,Satisfactory
2023-07-24,00:00,Lucknow,7,0,38.9,48.1,16.5,15.1,24.8,7.6,0.59,6.6,12.1,25.9,Good
2023-07-24,12:00,Kanpur,7,12,32.4,58.7,10.1,77.9,122.3,23.0,0.52,76.6,21.7,161.9,Moderate
2023-07-25,00:00,Agra,7,0,38.8,58.3,23.9,38.0,66.0,4.3,2.19,10.6,46.5,60.1,Satisfactory
2023-07-25,12:00,Mathura,7,12,37.2,38.4,15.1,42.7,106.3,9.6,0.42,48.6,25.8,109.4,Moderate
2023-07-26,00:00,Varanasi,7,0,40.9,42.5,10.6,43.3,102.6,11.4,0.22,4.6,27.4,108.6,Moderate
2023-07-26,12:00,Allahabad,7,12,38.4,61.8,6.8,39.9,78.0,38.6,0.1,8.0,61.2,80.0,Satisfactory
2023-07-27,00:00,Delhi,7,0,36.8,58.1,17.4,62.9,144.1,12.9,0.9,13.5,16.1,137.3,Moderate
2023-07-27,12:00,Mumbai,7,12,35.5,31.0,40.0,34.8,52.0,43.1,0.37,17.5,88.4,58.8,Satisfactory
2023-07-28,00:00,Lucknow,7,0,34.3,45.4,5.5,21.4,45.3,8.2,0.16,9.3,63.4,39.4,Good
2023-07-28,12:00,Kanpur,7,12,39.1,40.7,29.2,41.4,78.5,2.5,0.56,23.0,34.4,90.8,Satisfactory
2023-07-29,00:00,Agra,7,0,38.3,47.2,1.4,22.0,32.0,20.2,0.1,1.0,55.0,42.1,Good
2023-07-29,12:00,Mathura,7,12,36.3,39.2,4.6,25.7,35.4,14.6,1.26,11.6,66.1,39.9,Good
2023-07-30,00:00,Varanasi,7,0,40.9,48.9,14.3,26.6,68.9,31.1,0.37,2.7,66.8,71.2,Satisfactory
2023-07-30,12:00,Allahabad,7,12,35.4,57.1,10.6,20.0,52.7,6.8,2.11,4.8,22.8,54.3,Satisfactory
2023-07-31,00:00,Delhi,7,0,40.7,41.5,9.3,17.6,46.8,17.2,0.1,3.7,5.0,40.8,Good
2023-07-31,12:00,Mumbai,7,12,33.8,38.8,1.1,12.6,34.4,18.3,1.6,22.6,122.2,30.8,Good
2023-08-01,00:00,Lucknow,8,0,31.8,42.8,32.1,17.7,55.4,9.3,0.1,19.6,46.1,60.3,Satisfactory
2023-08-01,12:00,Kanpur,8,12,25.3,33.6,0.5,88.8,164.9,7.6,3.2,13.9,91.2,190.4,Moderate
2023-08-02,00:00,Agra,8,0,33.9,55.5,10.5,26.3,52.6,13.0,0.16,7.7,67.4,61.0,Satisfactory
2023-08-02,12:00,Mathura,8,12,30.2,34.2,1.1,69.4,175.7,4.1,1.4,3.8,69.4,153.7,Moderate
2023-08-03,00:00,Varanasi,8,0,34.0,39.3,1.7,30.0,49.8,11.7,0.26,24.1,45.0,46.0,Good
2023-08-03,12:00,Allahabad,8,12,33.5,25.4,7.9,29.3,61.6,10.8,0.38,1.0,19.7,66.5,Satisfactory
2023-08-04,00:00,Delhi,8,0,28.3,40.5,6.7,75.9,140.1,4.4,0.67,1.0,50.8,160.3,Moderate
2023-08-04,12:00,Mumbai,8,12,31.9,26.8,2.8,15.8,50.4,18.4,1.8,22.7,29.7,40.5,Good
2023-08-05,00:00,Lucknow,8,0,31.2,47.4,2.2,38.4,82.1,14.6,0.28,7.8,57.6,83.5,Satisfactory
2023-08-05,12:00,Kanpur,8,12,39.9,40.7,11.6,31.1,62.2,16.9,0.67,8.5,21.3,67.7,Satisfactory
2023-08-06,00:00,Agra,8,0,31.0,43.8,7.8,45.8,125.3,17.2,0.38,1.0,29.8,117.4,Moderate
2023-08-06,12:00,Mathura,8,12,33.4,44.2,10.2,14.1,44.0,12.7,0.1,2.0,13.7,44.5,Good
2023-08-07,00:00,Varanasi,8,0,38.6,34.9,16.3,28.5,50.1,25.2,0.66,13.6,5.0,52.9,Satisfactory
2023-08-07,12:00,Allahabad,8,12,32.2,31.6,33.0,28.0,56.8,5.7,0.4,1.8,43.7,55.5,Satisfactory
2023-08-08,00:00,Delhi,8,0,34.1,39.4,10.8,28.8,57.0,5.8,1.43,15.3,20.0,61.4,Satisfactory
2023-08-08,12:00,Mumbai,8,12,34.7,42.3,1.3,26.9,33.7,10.4,0.69,1.0,61.9,38.9,Good
2023-08-09,00:00,Lucknow,8,0,31.0,49.4,15.5,18.6,33.6,39.6,0.48,2.8,8.7,35.5,Good
2023-08-09,12:00,Kanpur,8,12,32.6,22.9,8.5,15.8,29.7,8.4,0.72,32.7,32.5,36.6,Good
2023-08-10,00:00,Agra,8,0,28.0,30.4,19.4,9.7,14.3,29.3,0.38,14.8,12.3,13.6,Good
2023-08-10,12:00,Mathura,8,12,29.8,48.1,9.7,32.5,70.3,24.1,0.46,2.7,63.8,85.9,Satisfactory
2023-08-11,00:00,Varanasi,8,0,36.2,28.9,12.3,6.7,10.0,4.5,0.1,8.8,199.3,11.1,Good
2023-08-11,12:00,Allahabad,8,12,30.7,36.3,14.1,121.6,288.3,29.5,2.43,5.3,43.4,307.4,Very Poor
2023-08-12,00:00,Delhi,8,0,29.3,20.0,7.0,67.2,162.4,9.8,0.13,7.9,90.7,137.2,Moderate
2023-08-12,12:00,Mumbai,8,12,29.7,34.1,12.7,20.7,60.9,12.7,0.86,2.9,42.3,63.5,Satisfactory
2023-08-13,00:00,Lucknow,8,0,28.5,57.7,27.3,48.3,65.5,4.2,0.47,1.0,36.0,83.6,Satisfactory
2023-08-13,12:00,Kanpur,8,12,32.8,44.0,11.4,13.3,46.1,43.5,1.34,16.8,73.2,39.2,Good
2023-08-14,00:00,Agra,8,0,36.6,35.3,22.7,44.9,90.8,8.0,0.1,7.7,9.5,92.9,Satisfactory
2023-08-14,12:00,Mathura,8,12,34.1,44.8,14.3,21.0,37.4,4.0,0.48,20.5,38.6,33.7,Good
2023-08-15,00:00,Varanasi,8,0,29.8,40.5,2.4,24.7,41.4,24.0,0.52,5.1,10.5,49.6,Good
2023-08-15,12:00,Allahabad,8,12,39.4,40.2,12.6,10.2,27.0,7.2,2.07,8.8,58.7,27.2,Good
2023-08-16,00:00,Delhi,8,0,30.2,33.6,4.3,16.8,27.5,26.8,0.42,28.0,32.7,34.8,Good
2023-08-16,12:00,Mumbai,8,12,30.0,41.3,15.4,45.4,85.2,19.7,0.39,2.1,22.6,91.6,Satisfactory
2023-08-17,00:00,Lucknow,8,0,31.4,33.0,12.1,78.6,177.5,26.1,0.65,12.2,58.6,172.0,Moderate
2023-08-17,12:00,Kanpur,8,12,28.5,55.2,14.9,88.1,183.9,35.3,0.95,63.1,14.1,195.1,Moderate
2023-08-18,00:00,Agra,8,0,32.7,32.3,40.0,5.0,10.0,15.3,1.59,10.5,33.6,12.3,Good
2023-08-18,12:00,Mathura,8,12,30.3,29.7,0.6,39.2,89.5,34.1,1.04,8.0,8.9,86.4,Satisfactory
2023-08-19,00:00,Varanasi,8,0,32.5,48.6,29.2,13.2,23.0,15.9,0.44,16.8,28.7,27.4,Good
2023-08-19,12:00,Allahabad,8,12,31.2,24.5,20.5,38.3,53.5,2.0,0.92,8.2,26.9,64.3,Satisfactory
2023-08-20,00:00,Delhi,8,0,32.7,22.0,3.5,15.9,31.9,16.6,0.39,3.5,11.7,30.5,Good
2023-08-20,12:00,Mumbai,8,12,31.3,36.4,5.0,27.1,64.8,10.7,0.52,8.5,124.0,62.3,Satisfactory
2023-08-21,00:00,Lucknow,8,0,36.2,29.7,9.4,24.1,46.5,35.3,0.32,13.2,85.0,45.0,Good
2023-08-21,12:00,Kanpur,8,12,36.2,33.5,2.3,21.1,40.0,81.4,0.59,10.4,41.5,37.2,Good
2023-08-22,00:00,Agra,8,0,30.1,37.1,40.0,46.4,108.6,5.4,0.94,7.1,6.4,111.1,Moderate
2023-08-22,12:00,Mathura,8,12,35.8,44.0,0.7,15.6,31.1,16.0,0.49,6.4,5.0,25.5,Good
2023-08-23,00:00,Varanasi,8,0,34.9,25.6,7.8,34.4,77.3,7.3,0.18,1.0,53.5,86.1,Satisfactory
2023-08-23,12:00,Allahabad,8,12,34.7,34.9,12.1,83.9,204.0,13.7,0.29,1.0,39.0,176.3,Moderate
2023-08-24,00:00,Delhi,8,0,35.8,42.8,1.2,16.2,26.3,7.3,0.1,9.9,33.3,29.0,Good
2023-08-24,12:00,Mumbai,8,12,32.7,51.6,10.5,39.4,93.0,23.9,1.05,8.9,5.0,93.5,Satisfactory
2023-08-25,00:00,Lucknow,8,0,32.9,40.4,2.0,48.0,97.1,26.5,0.81,4.1,60.7,84.8,Satisfactory
2023-08-25,12:00,Kanpur,8,12,34.2,28.4,0.7,24.4,33.0,9.9,1.27,17.9,27.5,44.8,Good
2023-08-26,00:00,Agra,8,0,30.0,20.7,20.2,43.8,84.9,5.9,0.58,17.5,11.2,85.4,Satisfactory
2023-08-26,12:00,Mathura,8,12,33.2,26.8,37.3,30.8,52.9,13.3,0.2,41.6,43.4,62.1,Satisfactory
2023-08-27,00:00,Varanasi,8,0,32.0,33.1,23.5,15.1,35.2,27.7,0.5,7.1,64.4,33.7,Good
2023-08-27,12:00,Allahabad,8,12,31.6,41.5,11.3,32.9,62.5,18.8,0.49,29.5,20.2,67.1,Satisfactory
2023-08-28,00:00,Delhi,8,0,33.5,56.0,22.1,149.9,333.9,10.7,0.78,37.1,122.8,356.4,Very Poor
2023-08-28,12:00,Mumbai,8,12,28.0,20.0,39.2,24.8,38.0,8.9,0.33,1.0,69.8,39.0,Good
2023-08-29,00:00,Lucknow,8,0,31.7,36.9,0.5,13.4,22.9,9.0,0.33,7.0,33.1,22.1,Good
2023-08-29,12:00,Kanpur,8,12,30.9,32.3,3.1,42.8,93.0,13.0,0.8,3.8,47.0,91.9,Satisfactory
2023-08-30,00:00,Agra,8,0,31.1,30.2,7.1,7.9,11.7,17.3,0.1,9.1,52.4,22.7,Good
2023-08-30,12:00,Mathura,8,12,29.3,45.5,12.3,60.9,142.8,16.8,0.17,7.9,58.4,135.1,Moderate
2023-08-31,00:00,Varanasi,8,0,32.7,49.4,10.1,18.0,25.1,9.0,0.62,19.2,83.2,23.0,Good
2023-08-31,12:00,Allahabad,8,12,27.4,44.5,2.4,79.7,174.5,28.1,0.84,9.1,56.8,162.6,Moderate
2023-09-01,00:00,Delhi,9,0,29.0,41.3,0.5,18.1,36.4,34.9,0.54,5.1,60.3,36.5,Good
2023-09-01,12:00,Mumbai,9,12,21.4,44.2,3.3,57.6,115.8,2.0,1.36,1.6,34.3,110.9,Moderate
2023-09-02,00:00,Lucknow,9,0,28.8,52.3,16.5,37.0,91.2,11.1,0.1,4.6,63.3,89.3,Satisfactory
2023-09-02,12:00,Kanpur,9,12,19.9,20.0,6.4,60.0,124.3,29.5,0.19,16.3,24.9,127.4,Moderate
2023-09-03,00:00,Agra,9,0,22.7,43.7,6.3,25.7,55.2,14.7,1.27,2.2,28.3,53.1,Satisfactory
2023-09-03,12:00,Mathura,9,12,19.7,50.1,16.4,51.1,104.8,15.7,0.98,27.6,55.6,100.3,Moderate
2023-09-04,00:00,Varanasi,9,0,22.4,39.8,10.9,33.1,60.6,23.0,0.24,10.8,12.8,53.9,Satisfactory
2023-09-04,12:00,Allahabad,9,12,28.1,23.8,22.4,56.5,149.3,32.7,1.39,22.7,26.5,141.6,Moderate
2023-09-05,00:00,Delhi,9,0,28.6,28.1,7.2,11.5,34.3,4.3,0.74,12.7,19.0,37.8,Good
2023-09-05,12:00,Mumbai,9,12,19.7,34.2,3.6,27.4,56.3,34.5,0.54,5.6,32.0,58.1,Satisfactory
2023-09-06,00:00,Lucknow,9,0,24.7,44.8,40.0,46.2,109.4,6.0,0.33,1.8,59.7,103.8,Moderate
2023-09-06,12:00,Kanpur,9,12,25.8,35.4,2.1,40.1,109.8,58.7,1.14,15.2,50.2,105.2,Moderate
2023-09-07,00:00,Agra,9,0,18.7,37.9,38.8,103.9,168.1,2.0,0.12,1.0,13.6,245.0,Poor
2023-09-07,12:00,Mathura,9,12,26.8,40.5,2.3,17.0,34.7,21.6,0.88,8.8,25.6,40.7,Good
2023-09-08,00:00,Varanasi,9,0,20.6,50.5,37.3,43.5,89.2,6.9,0.22,1.0,40.3,90.1,Satisfactory
2023-09-08,12:00,Allahabad,9,12,26.3,30.6,17.3,66.0,131.4,21.9,0.58,5.3,38.3,124.1,Moderate
2023-09-09,00:00,Delhi,9,0,21.1,22.6,3.5,40.0,61.9,6.2,1.13,2.2,46.8,70.0,Satisfactory
2023-09-09,12:00,Mumbai,9,12,25.0,20.0,1.3,38.0,97.1,14.9,0.94,9.6,65.7,93.9,Satisfactory
2023-09-10,00:00,Lucknow,9,0,26.9,30.0,32.9,40.0,107.0,7.8,0.21,26.0,114.2,101.8,Moderate
2023-09-10,12:00,Kanpur,9,12,18.4,33.2,0.5,5.0,10.0,42.1,1.35,8.1,5.0,9.3,Good
2023-09-11,00:00,Agra,9,0,19.3,24.4,16.6,18.8,42.1,9.9,0.33,3.4,19.2,48.0,Good
2023-09-11,12:00,Mathura,9,12,27.7,47.2,3.1,24.0,40.5,2.5,0.7,16.9,60.6,46.9,Good
2023-09-12,00:00,Varanasi,9,0,25.9,36.9,4.5,13.5,17.2,7.7,0.86,7.6,35.5,13.9,Good
2023-09-12,12:00,Allahabad,9,12,19.6,20.0,16.4,55.1,143.6,8.9,3.11,13.1,66.4,119.0,Moderate
2023-09-13,00:00,Delhi,9,0,27.9,34.2,11.1,43.6,102.3,2.0,1.57,11.0,64.9,103.2,Moderate
2023-09-13,12:00,Mumbai,9,12,21.7,40.5,40.0,12.1,10.0,26.5,0.43,18.9,73.2,21.0,Good
2023-09-14,00:00,Lucknow,9,0,27.6,57.1,26.4,10.5,33.9,14.1,0.61,19.5,36.3,38.9,Good
2023-09-14,12:00,Kanpur,9,12,27.2,43.1,6.4,47.2,104.7,34.5,0.38,10.3,24.5,104.2,Moderate
2023-09-15,00:00,Agra,9,0,24.7,20.0,16.5,36.8,74.4,10.6,0.29,4.9,28.5,78.7,Satisfactory
2023-09-15,12:00,Mathura,9,12,27.7,39.1,0.5,12.1,42.3,19.4,1.34,15.1,53.0,42.8,Good
2023-09-16,00:00,Varanasi,9,0,26.8,30.2,8.5,36.5,97.6,7.6,0.1,1.0,64.8,93.6,Satisfactory
2023-09-16,12:00,Allahabad,9,12,26.3,21.4,28.7,23.3,54.4,18.2,0.13,3.7,44.7,53.0,Satisfactory
2023-09-17,00:00,Delhi,9,0,23.1,40.0,6.9,15.3,13.4,18.5,0.98,6.8,53.8,23.4,Good
2023-09-17,12:00,Mumbai,9,12,22.6,42.4,12.4,64.0,136.2,10.7,0.38,7.8,16.4,137.2,Moderate
2023-09-18,00:00,Lucknow,9,0,20.2,33.1,40.0,52.4,80.1,5.7,0.98,4.6,59.1,85.1,Satisfactory
2023-09-18,12:00,Kanpur,9,12,21.9,27.9,5.2,47.8,76.8,13.6,0.68,6.5,65.4,74.8,Satisfactory
2023-09-19,00:00,Agra,9,0,22.5,42.5,38.6,8.0,10.0,19.6,0.54,7.3,17.7,16.4,Good
2023-09-19,12:00,Mathura,9,12,24.2,25.1,40.0,37.9,82.0,14.5,1.38,10.7,36.3,78.2,Satisfactory
2023-09-20,00:00,Varanasi,9,0,23.6,41.0,7.9,41.1,82.7,38.2,0.45,5.0,11.0,80.3,Satisfactory
2023-09-20,12:00,Allahabad,9,12,24.4,20.0,5.2,41.9,80.9,14.9,1.18,25.3,43.8,86.0,Satisfactory
2023-09-21,00:00,Delhi,9,0,25.7,48.1,36.5,37.3,78.2,54.7,0.17,11.7,64.6,70.3,Satisfactory
2023-09-21,12:00,Mumbai,9,12,25.4,41.0,9.1,14.3,25.7,10.9,0.35,5.3,31.2,13.9,Good
2023-09-22,00:00,Lucknow,9,0,27.5,30.8,0.5,88.3,173.6,12.3,0.51,9.4,20.0,201.4,Poor
2023-09-22,12:00,Kanpur,9,12,25.9,36.5,4.3,19.6,15.0,13.0,0.58,1.0,51.0,36.5,Good
2023-09-23,00:00,Agra,9,0,23.7,41.0,2.3,30.0,58.0,32.1,0.31,14.0,41.0,60.1,Satisfactory
2023-09-23,12:00,Mathura,9,12,25.9,33.4,9.3,29.0,49.8,25.1,0.1,23.4,32.3,49.6,Good
2023-09-24,00:00,Varanasi,9,0,23.6,32.7,5.2,9.7,23.2,12.8,0.1,4.8,40.5,26.2,Good
2023-09-24,12:00,Allahabad,9,12,24.3,52.1,10.8,35.4,77.3,14.5,0.41,1.5,32.5,78.0,Satisfactory
2023-09-25,00:00,Delhi,9,0,26.8,34.9,0.5,62.3,156.9,18.9,0.84,11.3,27.5,143.4,Moderate
2023-09-25,12:00,Mumbai,9,12,20.9,34.5,5.2,17.0,33.3,2.0,0.84,5.0,5.0,31.6,Good
2023-09-26,00:00,Lucknow,9,0,23.0,32.6,19.9,32.2,63.7,49.0,0.19,1.0,35.0,59.3,Satisfactory
2023-09-26,12:00,Kanpur,9,12,21.7,47.1,0.5,36.2,82.5,30.1,0.64,24.3,14.2,79.6,Satisfactory
2023-09-27,00:00,Agra,9,0,25.8,40.5,10.3,17.7,16.9,19.3,0.52,1.2,15.3,15.3,Good
2023-09-27,12:00,Mathura,9,12,23.2,20.0,8.5,20.9,37.2,5.1,0.43,9.3,66.0,41.7,Good
2023-09-28,00:00,Varanasi,9,0,27.2,50.1,6.0,22.4,44.9,33.9,0.54,4.5,62.7,39.7,Good
2023-09-28,12:00,Allahabad,9,12,25.1,44.6,0.8,22.1,45.8,14.3,0.29,1.0,5.0,45.3,Good
2023-09-29,00:00,Delhi,9,0,29.2,39.3,4.8,44.0,73.4,14.7,0.35,1.0,131.4,78.4,Satisfactory
2023-09-29,12:00,Mumbai,9,12,23.9,30.2,29.3,20.9,40.1,3.1,0.15,6.2,28.1,37.4,Good
2023-09-30,00:00,Lucknow,9,0,26.5,26.1,1.2,66.6,137.9,26.7,0.58,7.3,75.8,137.3,Moderate
2023-09-30,12:00,Kanpur,9,12,24.5,24.7,13.6,26.8,56.0,31.8,1.31,40.8,30.5,52.3,Satisfactory
2023-10-01,00:00,Agra,10,0,14.6,42.6,5.5,52.4,127.6,27.8,1.17,31.9,5.0,120.8,Moderate
2023-10-01,12:00,Mathura,10,12,21.1,20.0,7.5,72.6,129.7,51.0,1.47,41.4,50.2,145.8,Moderate
2023-10-02,00:00,Varanasi,10,0,20.7,47.3,4.5,54.2,104.9,9.3,1.62,6.4,82.6,110.8,Moderate
2023-10-02,12:00,Allahabad,10,12,13.8,34.7,4.3,54.5,85.0,79.2,0.69,38.3,29.6,95.7,Satisfactory
2023-10-03,00:00,Delhi,10,0,21.7,25.0,0.9,68.9,136.2,18.7,0.82,5.2,22.6,120.1,Moderate
2023-10-03,12:00,Mumbai,10,12,15.8,22.5,4.3,13.4,26.6,6.2,0.68,35.1,58.1,23.4,Good
2023-10-04,00:00,Lucknow,10,0,19.3,46.3,25.2,69.7,123.8,97.5,0.26,13.1,23.4,132.1,Moderate
2023-10-04,12:00,Kanpur,10,12,16.2,27.0,9.0,228.7,476.1,71.3,0.77,18.6,13.4,459.5,Severe
2023-10-05,00:00,Agra,10,0,22.5,50.2,0.5,43.2,71.3,33.2,0.61,19.9,23.7,70.3,Satisfactory
2023-10-05,12:00,Mathura,10,12,19.1,24.6,4.3,22.7,24.3,8.6,1.12,25.7,32.9,33.0,Good
2023-10-06,00:00,Varanasi,10,0,18.3,43.7,2.1,119.5,186.3,44.0,0.15,16.7,86.3,294.2,Poor
2023-10-06,12:00,Allahabad,10,12,18.7,39.2,1.4,119.2,217.0,13.8,1.49,7.0,15.0,293.8,Poor
2023-10-07,00:00,Delhi,10,0,14.7,49.7,5.8,115.2,256.7,56.0,0.47,1.4,50.4,290.9,Poor
2023-10-07,12:00,Mumbai,10,12,13.0,31.1,12.8,73.9,174.5,30.4,1.22,35.0,21.7,154.0,Moderate
2023-10-08,00:00,Lucknow,10,0,19.9,53.6,1.3,71.3,124.5,10.9,0.37,41.2,52.0,154.5,Moderate
2023-10-08,12:00,Kanpur,10,12,19.7,28.3,0.5,83.4,160.1,153.5,2.27,34.5,5.0,177.0,Moderate
2023-10-09,00:00,Agra,10,0,22.4,46.9,7.0,97.9,214.2,3.9,0.24,23.5,68.9,232.9,Poor
2023-10-09,12:00,Mathura,10,12,22.8,27.3,2.0,90.0,221.5,14.2,2.32,4.8,64.2,201.9,Poor
2023-10-10,00:00,Varanasi,10,0,21.6,29.9,0.5,32.6,57.0,18.1,1.27,3.1,62.8,57.3,Satisfactory
2023-10-10,12:00,Allahabad,10,12,21.3,29.8,6.9,23.3,68.9,59.0,0.15,6.4,36.9,71.2,Satisfactory
2023-10-11,00:00,Delhi,10,0,15.5,32.6,9.8,48.9,57.8,14.1,2.68,7.4,37.9,84.7,Satisfactory
2023-10-11,12:00,Mumbai,10,12,16.3,32.3,0.5,214.4,422.6,94.2,0.59,12.0,53.5,441.7,Severe
2023-10-12,00:00,Lucknow,10,0,19.3,33.6,3.3,93.2,203.4,8.2,1.19,8.6,87.6,213.8,Poor
2023-10-12,12:00,Kanpur,10,12,16.1,26.0,6.4,45.7,112.5,25.0,1.37,6.9,35.3,112.1,Moderate
2023-10-13,00:00,Agra,10,0,10.8,28.7,1.1,69.6,124.7,28.4,0.57,6.8,133.6,126.6,Moderate
2023-10-13,12:00,Mathura,10,12,18.3,38.9,4.5,58.6,117.7,45.2,0.46,8.4,134.4,106.1,Moderate
2023-10-14,00:00,Varanasi,10,0,16.6,40.7,3.3,41.0,71.7,45.5,0.42,2.9,28.0,72.3,Satisfactory
2023-10-14,12:00,Allahabad,10,12,19.8,46.3,1.3,108.6,177.6,10.6,2.01,31.5,29.8,269.2,Poor
2023-10-15,00:00,Delhi,10,0,14.3,54.6,3.5,57.0,130.7,15.9,0.68,4.0,17.5,107.9,Moderate
2023-10-15,12:00,Mumbai,10,12,26.4,40.2,3.9,50.8,91.9,20.7,2.66,11.7,24.3,85.3,Satisfactory
2023-10-16,00:00,Lucknow,10,0,16.2,27.7,22.7,79.2,195.8,29.4,1.66,15.2,25.4,165.4,Moderate
2023-10-16,12:00,Kanpur,10,12,18.2,48.9,0.5,199.0,488.3,151.8,4.05,65.8,9.4,472.8,Severe
2023-10-17,00:00,Agra,10,0,14.2,62.0,13.4,33.8,53.9,23.1,0.41,11.1,38.7,55.0,Satisfactory
2023-10-17,12:00,Mathura,10,12,16.7,39.4,0.9,23.6,41.4,135.0,1.86,11.3,52.9,48.1,Good
2023-10-18,00:00,Varanasi,10,0,17.6,48.0,6.5,30.9,46.0,8.9,0.23,1.0,38.9,55.1,Satisfactory
2023-10-18,12:00,Allahabad,10,12,14.3,34.5,1.0,41.6,96.8,50.1,0.29,25.0,23.2,91.3,Satisfactory
2023-10-19,00:00,Delhi,10,0,13.4,33.2,1.6,218.6,398.7,63.2,0.92,6.2,21.8,454.7,Severe
2023-10-19,12:00,Mumbai,10,12,20.4,22.3,1.1,50.9,106.8,32.9,1.8,16.4,35.4,112.1,Moderate
2023-10-20,00:00,Lucknow,10,0,19.0,46.9,9.5,80.6,181.3,62.1,0.74,23.9,36.0,172.5,Moderate
2023-10-20,12:00,Kanpur,10,12,17.9,49.4,1.8,359.9,632.1,51.8,0.85,47.4,60.5,500.0,Severe
2023-10-21,00:00,Agra,10,0,12.1,35.0,1.9,102.0,184.1,10.8,1.05,16.9,14.5,244.2,Poor
2023-10-21,12:00,Mathura,10,12,18.2,59.8,5.8,33.3,69.3,67.9,0.41,41.5,48.6,74.8,Satisfactory
2023-10-22,00:00,Varanasi,10,0,20.8,42.5,11.1,49.7,59.9,51.2,2.37,7.2,17.9,86.8,Satisfactory
2023-10-22,12:00,Allahabad,10,12,19.9,33.8,2.0,48.4,117.7,55.7,3.11,1.0,5.0,101.7,Moderate
2023-10-23,00:00,Delhi,10,0,13.3,51.8,19.4,117.9,230.4,49.0,0.88,2.3,56.3,300.0,Poor
2023-10-23,12:00,Mumbai,10,12,24.9,25.7,4.1,62.8,92.4,15.2,0.99,37.9,40.8,103.1,Moderate
2023-10-24,00:00,Lucknow,10,0,15.8,36.9,8.4,82.4,156.1,42.1,0.77,8.1,59.4,178.4,Moderate
2023-10-24,12:00,Kanpur,10,12,11.9,45.4,2.1,90.6,188.8,29.3,2.08,34.7,9.7,193.9,Moderate
2023-10-25,00:00,Agra,10,0,17.0,38.4,7.1,46.4,102.6,49.4,0.91,22.6,43.4,103.2,Moderate
2023-10-25,12:00,Mathura,10,12,14.9,49.8,9.7,121.8,225.5,14.0,3.37,13.5,35.6,304.1,Very Poor
2023-10-26,00:00,Varanasi,10,0,20.1,25.3,1.2,26.3,48.5,13.9,1.11,7.6,11.5,53.0,Satisfactory
2023-10-26,12:00,Allahabad,10,12,16.3,48.2,1.2,156.8,281.6,12.9,0.71,28.1,36.4,357.4,Very Poor
2023-10-27,00:00,Delhi,10,0,13.3,42.2,1.3,96.5,207.2,29.4,0.23,22.1,52.9,220.1,Poor
2023-10-27,12:00,Mumbai,10,12,20.3,47.3,1.5,120.6,248.5,30.1,1.26,17.7,75.4,301.6,Very Poor
2023-10-28,00:00,Lucknow,10,0,15.2,38.1,0.5,82.7,160.6,49.3,0.57,15.3,98.2,176.7,Moderate
2023-10-28,12:00,Kanpur,10,12,17.3,45.6,4.9,103.7,209.3,53.7,0.83,44.9,15.6,247.5,Poor
2023-10-29,00:00,Agra,10,0,20.8,45.0,13.9,43.8,105.7,13.4,0.69,1.0,17.7,106.5,Moderate
2023-10-29,12:00,Mathura,10,12,19.9,35.4,4.3,49.7,82.7,46.5,0.7,23.4,58.1,92.0,Satisfactory
2023-10-30,00:00,Varanasi,10,0,18.2,58.5,1.0,66.6,125.8,29.7,0.5,10.4,13.8,111.6,Moderate
2023-10-30,12:00,Allahabad,10,12,15.9,30.9,0.8,174.4,403.8,13.7,1.86,2.5,17.8,388.0,Very Poor
2023-10-31,00:00,Delhi,10,0,17.4,37.0,0.5,40.5,89.6,27.8,1.33,6.7,15.5,88.2,Satisfactory
2023-10-31,12:00,Mumbai,10,12,19.7,41.5,8.1,62.7,121.1,68.8,2.05,36.3,39.4,114.5,Moderate
2023-11-01,00:00,Lucknow,11,0,7.5,64.4,1.2,32.2,43.8,79.0,0.98,8.2,22.4,58.9,Satisfactory
2023-11-01,12:00,Kanpur,11,12,12.8,56.9,2.7,370.7,880.2,80.5,4.44,2.9,18.6,492.5,Severe
2023-11-02,00:00,Agra,11,0,14.6,47.8,1.2,88.1,156.4,32.7,1.24,9.7,110.1,193.2,Moderate
2023-11-02,12:00,Mathura,11,12,7.3,40.1,2.7,270.2,552.4,43.2,0.78,55.6,26.1,494.0,Severe
2023-11-03,00:00,Varanasi,11,0,14.8,47.7,0.5,54.0,101.7,74.8,2.67,5.8,13.7,107.7,Moderate
2023-11-03,12:00,Allahabad,11,12,8.5,61.9,11.7,184.5,424.1,26.2,0.49,7.2,11.7,404.5,Severe
2023-11-04,00:00,Delhi,11,0,9.0,49.8,0.8,136.1,223.3,28.4,3.09,41.0,33.1,323.0,Very Poor
2023-11-04,12:00,Mumbai,11,12,8.3,48.1,11.1,110.4,225.3,36.3,1.08,7.4,28.9,268.9,Poor
2023-11-05,00:00,Lucknow,11,0,14.7,49.4,4.6,27.4,45.2,36.6,2.83,8.4,5.0,40.2,Good
2023-11-05,12:00,Kanpur,11,12,9.7,64.7,0.5,81.1,167.3,105.0,1.06,32.6,25.3,170.5,Moderate
2023-11-06,00:00,Agra,11,0,9.6,37.4,4.2,53.6,119.6,2.0,0.34,20.4,56.3,109.6,Moderate
2023-11-06,12:00,Mathura,11,12,17.3,53.1,3.5,151.0,249.6,8.2,3.75,10.7,17.6,347.3,Very Poor
2023-11-07,00:00,Varanasi,11,0,11.2,47.9,1.9,282.9,660.0,56.7,0.37,19.3,31.9,498.5,Severe
2023-11-07,12:00,Allahabad,11,12,11.3,38.3,1.5,233.5,401.8,30.7,0.59,32.7,45.9,474.3,Severe
2023-11-08,00:00,Delhi,11,0,10.4,63.4,0.5,213.4,451.0,24.8,0.96,31.7,51.5,442.1,Severe
2023-11-08,12:00,Mumbai,11,12,12.5,48.1,14.3,79.6,156.3,92.9,1.25,35.5,24.2,166.9,Moderate
2023-11-09,00:00,Lucknow,11,0,10.3,46.5,6.6,219.3,361.1,6.5,1.05,39.1,10.8,448.5,Severe
2023-11-09,12:00,Kanpur,11,12,9.0,42.0,3.1,62.2,81.2,166.0,1.34,43.5,22.0,103.8,Moderate
2023-11-10,00:00,Agra,11,0,8.8,47.9,7.1,7.7,25.2,43.7,1.89,29.9,89.2,30.6,Good
2023-11-10,12:00,Mathura,11,12,10.3,41.8,5.6,142.1,333.6,97.7,1.96,10.3,18.2,336.6,Very Poor
2023-11-11,00:00,Varanasi,11,0,14.0,31.9,0.5,38.9,78.1,21.1,1.89,4.6,54.8,74.1,Satisfactory
2023-11-11,12:00,Allahabad,11,12,10.7,53.6,1.0,147.3,296.9,52.3,1.72,41.0,8.1,346.2,Very Poor
2023-11-12,00:00,Delhi,11,0,12.2,62.4,10.7,24.5,52.6,37.1,2.97,14.7,73.4,54.2,Satisfactory
2023-11-12,12:00,Mumbai,11,12,14.0,52.3,3.9,61.9,175.8,15.4,1.79,81.3,5.0,146.8,Moderate
2023-11-13,00:00,Lucknow,11,0,11.4,46.4,2.4,104.9,171.2,23.1,3.2,15.6,39.1,249.5,Poor
2023-11-13,12:00,Kanpur,11,12,5.9,60.6,0.5,394.5,654.7,34.4,1.83,6.8,15.7,496.8,Severe
2023-11-14,00:00,Agra,11,0,12.3,62.4,2.5,93.1,240.2,43.8,0.57,29.9,19.4,209.4,Poor
2023-11-14,12:00,Mathura,11,12,15.2,45.8,5.3,110.7,264.6,22.4,1.97,16.2,30.5,262.3,Poor
2023-11-15,00:00,Varanasi,11,0,11.1,52.8,5.3,57.9,96.0,5.1,0.32,4.3,43.3,100.5,Moderate
2023-11-15,12:00,Allahabad,11,12,10.4,54.6,0.6,42.5,95.9,27.4,1.04,25.0,18.9,95.6,Satisfactory
2023-11-16,00:00,Delhi,11,0,15.1,65.6,1.5,163.8,349.0,21.6,2.5,57.4,38.3,367.2,Very Poor
2023-11-16,12:00,Mumbai,11,12,12.1,47.7,2.3,114.4,222.0,25.0,2.81,1.0,91.7,284.2,Poor
2023-11-17,00:00,Lucknow,11,0,12.0,47.7,13.5,63.2,111.6,50.5,1.16,59.5,52.9,121.0,Moderate
2023-11-17,12:00,Kanpur,11,12,11.7,31.7,2.0,344.8,804.2,31.7,1.76,80.1,31.2,496.3,Severe
2023-11-18,00:00,Agra,11,0,12.2,44.1,1.0,121.7,280.8,9.7,1.02,29.3,8.7,298.2,Poor
2023-11-18,12:00,Mathura,11,12,7.3,31.1,6.6,88.0,183.9,36.4,0.1,49.2,39.1,183.7,Moderate
2023-11-19,00:00,Varanasi,11,0,14.3,39.4,8.2,257.1,598.1,33.2,1.62,14.1,60.8,495.1,Severe
2023-11-19,12:00,Allahabad,11,12,12.5,56.6,7.9,242.2,542.3,64.6,0.58,5.7,13.9,499.8,Severe
2023-11-20,00:00,Delhi,11,0,11.7,38.6,1.2,111.8,211.7,68.8,0.1,54.5,18.6,280.3,Poor
2023-11-20,12:00,Mumbai,11,12,17.4,41.6,1.2,151.4,371.1,44.6,0.99,48.5,13.6,346.9,Very Poor
2023-11-21,00:00,Lucknow,11,0,10.7,38.5,12.8,65.1,161.2,89.2,1.07,3.3,9.3,144.3,Moderate
2023-11-21,12:00,Kanpur,11,12,15.7,54.3,4.3,24.1,53.5,93.0,4.03,47.2,32.3,57.1,Satisfactory
2023-11-22,00:00,Agra,11,0,7.9,39.3,1.4,54.4,121.9,61.3,0.54,8.5,46.6,109.4,Moderate
2023-11-22,12:00,Mathura,11,12,15.3,41.4,8.6,236.3,534.3,41.8,2.34,14.4,6.8,500.0,Severe
2023-11-23,00:00,Varanasi,11,0,13.6,42.6,6.0,102.6,246.1,20.9,0.59,40.0,43.9,240.8,Poor
2023-11-23,12:00,Allahabad,11,12,12.4,33.9,0.7,70.0,138.6,49.5,1.84,1.7,8.9,131.6,Moderate
2023-11-24,00:00,Delhi,11,0,11.2,40.7,0.5,29.6,57.1,30.9,3.03,36.5,15.0,51.8,Satisfactory
2023-11-24,12:00,Mumbai,11,12,11.9,56.4,9.1,151.1,281.2,131.4,0.75,10.0,20.2,348.7,Very Poor
2023-11-25,00:00,Lucknow,11,0,7.4,48.6,3.1,110.9,210.5,55.4,5.09,16.6,41.0,277.4,Poor
2023-11-25,12:00,Kanpur,11,12,15.6,54.3,6.6,259.8,558.4,32.4,4.1,3.9,42.8,498.8,Severe
2023-11-26,00:00,Agra,11,0,20.3,66.5,0.8,101.7,221.7,40.9,0.17,17.0,59.5,228.9,Poor
2023-11-26,12:00,Mathura,11,12,9.5,40.5,7.8,208.6,365.6,49.3,1.9,25.8,37.0,432.5,Severe
2023-11-27,00:00,Varanasi,11,0,5.8,49.4,12.8,99.0,158.1,75.2,0.76,15.5,12.5,233.9,Poor
2023-11-27,12:00,Allahabad,11,12,17.8,54.0,11.6,32.7,41.9,22.0,4.5,51.5,19.9,59.4,Satisfactory
2023-11-28,00:00,Delhi,11,0,16.3,52.2,14.5,41.9,93.8,24.4,1.33,19.0,37.5,91.3,Satisfactory
2023-11-28,12:00,Mumbai,11,12,11.5,35.2,0.5,70.6,138.9,72.4,1.43,11.8,20.3,142.0,Moderate
2023-11-29,00:00,Lucknow,11,0,14.7,44.6,7.0,128.6,286.9,27.6,2.57,1.0,17.2,322.7,Very Poor
2023-11-29,12:00,Kanpur,11,12,11.4,46.8,0.5,331.7,550.1,47.4,3.68,53.4,14.6,500.0,Severe
2023-11-30,00:00,Agra,11,0,9.8,40.4,7.8,48.3,62.0,73.4,0.48,10.5,41.0,77.0,Satisfactory
2023-11-30,12:00,Mathura,11,12,12.6,39.5,8.1,211.4,418.3,13.8,0.96,42.9,21.5,442.4,Severe
2023-12-01,00:00,Varanasi,12,0,9.6,61.1,3.2,35.0,76.3,51.3,0.85,10.7,34.0,74.6,Satisfactory
2023-12-01,12:00,Allahabad,12,12,6.6,68.3,1.4,266.4,440.7,61.1,0.57,1.0,15.4,496.8,Severe
2023-12-02,00:00,Delhi,12,0,4.7,68.7,1.1,32.1,72.3,49.7,4.21,2.3,29.6,65.0,Satisfactory
2023-12-02,12:00,Mumbai,12,12,6.7,59.3,27.9,156.8,304.0,21.7,0.43,20.7,12.7,360.6,Very Poor
2023-12-03,00:00,Lucknow,12,0,12.6,78.6,0.6,143.8,362.0,48.3,0.53,21.7,56.0,341.9,Very Poor
2023-12-03,12:00,Kanpur,12,12,14.1,65.4,4.4,116.9,276.8,100.9,4.24,8.8,15.7,281.7,Poor
2023-12-04,00:00,Agra,12,0,10.9,68.4,1.7,89.6,173.5,58.8,0.85,38.6,26.1,193.1,Moderate
2023-12-04,12:00,Mathura,12,12,14.6,77.4,4.6,118.9,190.8,166.7,1.28,48.9,5.0,301.5,Very Poor
2023-12-05,00:00,Varanasi,12,0,14.5,63.7,1.1,156.1,302.8,20.1,1.54,26.5,10.2,370.7,Very Poor
2023-12-05,12:00,Allahabad,12,12,11.4,60.6,4.1,94.4,230.8,89.2,1.61,84.2,18.2,216.2,Poor
2023-12-06,00:00,Delhi,12,0,10.6,50.8,9.3,45.5,66.2,42.5,1.69,18.8,9.5,84.0,Satisfactory
2023-12-06,12:00,Mumbai,12,12,8.4,62.0,4.4,32.3,54.8,13.2,2.15,2.1,38.7,53.2,Satisfactory
2023-12-07,00:00,Lucknow,12,0,9.4,43.2,0.5,80.1,180.7,49.2,1.11,7.6,27.3,171.2,Moderate
2023-12-07,12:00,Kanpur,12,12,12.2,74.1,1.6,399.1,986.1,266.9,0.97,23.2,18.2,498.4,Severe
2023-12-08,00:00,Agra,12,0,2.6,61.8,2.1,85.3,157.0,57.6,3.95,23.8,58.4,177.6,Moderate
2023-12-08,12:00,Mathura,12,12,8.2,65.2,0.5,91.7,198.6,72.5,0.28,8.2,93.4,208.6,Poor
2023-12-09,00:00,Varanasi,12,0,6.8,42.3,2.2,119.4,270.1,36.4,1.64,11.5,41.0,299.1,Poor
2023-12-09,12:00,Allahabad,12,12,9.6,52.1,0.6,135.3,245.5,35.6,2.83,7.6,32.9,329.2,Very Poor
2023-12-10,00:00,Delhi,12,0,15.3,60.7,8.4,253.6,589.3,4.6,1.43,33.1,38.0,496.5,Severe
2023-12-10,12:00,Mumbai,12,12,6.4,47.9,0.5,158.9,265.2,31.8,1.34,4.9,121.8,360.4,Very Poor
2023-12-11,00:00,Lucknow,12,0,14.4,53.6,0.5,115.1,286.5,62.3,0.44,16.0,76.5,287.1,Poor
2023-12-11,12:00,Kanpur,12,12,8.7,65.5,4.7,185.5,311.7,22.0,3.49,36.3,25.5,400.6,Severe
2023-12-12,00:00,Agra,12,0,11.5,51.0,1.9,46.4,84.9,20.5,0.86,29.0,72.7,77.3,Satisfactory
2023-12-12,12:00,Mathura,12,12,9.6,44.9,1.3,137.8,282.8,75.5,0.57,11.3,39.0,327.2,Very Poor
2023-12-13,00:00,Varanasi,12,0,15.4,57.7,4.6,112.3,201.9,35.3,0.17,27.8,84.6,271.6,Poor
2023-12-13,12:00,Allahabad,12,12,7.2,49.1,0.5,76.1,153.7,131.2,0.88,4.8,64.7,154.1,Moderate
2023-12-14,00:00,Delhi,12,0,9.6,63.1,19.7,112.6,180.4,36.4,0.85,33.7,44.5,275.8,Poor
2023-12-14,12:00,Mumbai,12,12,11.1,63.6,1.9,76.8,121.2,30.2,0.36,40.6,32.7,157.1,Moderate
2023-12-15,00:00,Lucknow,12,0,13.6,66.4,4.7,80.0,166.8,17.3,3.86,28.3,48.1,159.7,Moderate
2023-12-15,12:00,Kanpur,12,12,4.1,73.3,0.5,63.8,108.3,128.8,1.62,58.5,17.0,116.6,Moderate
2023-12-16,00:00,Agra,12,0,10.1,68.8,0.9,218.2,486.9,35.5,1.32,5.3,63.9,471.2,Severe
2023-12-16,12:00,Mathura,12,12,7.2,65.2,1.1,43.2,95.7,30.2,2.99,6.0,6.7,102.1,Moderate
2023-12-17,00:00,Varanasi,12,0,11.1,66.2,0.7,49.6,88.7,24.8,1.63,4.7,21.2,84.7,Satisfactory
2023-12-17,12:00,Allahabad,12,12,10.8,57.1,6.4,92.6,189.4,56.5,0.23,20.3,15.5,209.8,Poor
2023-12-18,00:00,Delhi,12,0,11.0,49.4,1.3,99.8,202.3,40.6,0.75,43.4,31.3,225.8,Poor
2023-12-18,12:00,Mumbai,12,12,10.0,53.8,13.0,88.6,168.0,146.1,2.2,37.6,9.8,196.7,Moderate
2023-12-19,00:00,Lucknow,12,0,9.4,61.0,1.0,101.1,167.5,33.4,1.01,8.1,20.5,237.4,Poor
2023-12-19,12:00,Kanpur,12,12,10.4,73.7,2.4,86.0,174.1,70.6,1.84,33.3,40.7,193.0,Moderate
2023-12-20,00:00,Agra,12,0,11.2,63.4,3.6,34.1,66.2,37.2,1.4,8.0,22.6,66.4,Satisfactory
2023-12-20,12:00,Mathura,12,12,6.8,62.5,3.5,97.7,245.2,13.5,0.64,39.3,41.3,224.8,Poor
2023-12-21,00:00,Varanasi,12,0,10.6,69.2,7.9,55.1,135.9,87.0,1.03,1.0,31.7,133.9,Moderate
2023-12-21,12:00,Allahabad,12,12,14.3,41.6,1.1,34.3,78.3,22.6,2.14,22.2,68.1,79.5,Satisfactory
2023-12-22,00:00,Delhi,12,0,10.0,78.6,3.4,13.7,25.5,70.9,0.72,46.7,27.9,28.9,Good
2023-12-22,12:00,Mumbai,12,12,9.6,50.5,12.3,121.6,184.3,67.9,0.45,107.3,63.9,307.7,Very Poor
2023-12-23,00:00,Lucknow,12,0,8.1,56.7,3.8,21.6,44.5,33.7,2.06,15.8,28.8,44.3,Good
2023-12-23,12:00,Kanpur,12,12,7.1,70.6,3.0,184.8,376.7,189.5,3.26,46.5,5.0,399.0,Very Poor
2023-12-24,00:00,Agra,12,0,13.8,52.5,5.1,57.3,112.6,18.8,0.98,2.0,35.6,112.5,Moderate
2023-12-24,12:00,Mathura,12,12,11.1,68.1,0.5,225.2,347.4,52.4,2.0,55.1,10.5,462.9,Severe
2023-12-25,00:00,Varanasi,12,0,12.2,50.7,5.8,41.9,84.4,48.6,0.67,21.4,5.0,88.1,Satisfactory
2023-12-25,12:00,Allahabad,12,12,9.3,56.4,11.8,8.8,22.9,149.1,0.89,24.4,82.8,22.7,Good
2023-12-26,00:00,Delhi,12,0,11.7,50.7,16.5,69.1,122.2,21.2,1.48,3.9,12.2,133.1,Moderate
2023-12-26,12:00,Mumbai,12,12,7.4,57.5,22.7,8.7,10.0,44.3,3.38,14.9,14.4,8.6,Good
2023-12-27,00:00,Lucknow,12,0,7.9,51.3,5.5,127.4,242.9,50.1,3.47,7.9,7.6,312.1,Very Poor
2023-12-27,12:00,Kanpur,12,12,11.0,69.1,6.3,42.7,88.4,19.3,0.29,33.6,14.3,88.3,Satisfactory
2023-12-28,00:00,Agra,12,0,16.0,61.2,3.8,35.5,75.0,12.6,0.82,4.2,15.3,82.3,Satisfactory
2023-12-28,12:00,Mathura,12,12,6.7,78.0,9.2,226.1,335.4,36.5,4.1,4.4,52.5,456.1,Severe
2023-12-29,00:00,Varanasi,12,0,-0.4,63.8,3.8,58.1,108.2,11.9,0.26,33.0,41.7,96.0,Satisfactory
2023-12-29,12:00,Allahabad,12,12,16.3,73.3,2.6,157.2,365.2,130.1,0.18,28.3,12.3,357.8,Very Poor
2023-12-30,00:00,Delhi,12,0,16.1,45.7,1.3,121.2,191.4,26.1,3.09,59.6,53.1,305.0,Very Poor
2023-12-30,12:00,Mumbai,12,12,11.8,63.8,7.0,23.4,43.4,14.4,0.68,7.1,35.5,47.6,Good
2023-12-31,00:00,Lucknow,12,0,7.4,40.5,2.5,62.7,123.9,3.5,2.26,21.7,7.1,120.9,Moderate
2023-12-31,12:00,Kanpur,12,12,13.7,67.1,0.5,140.6,315.0,79.3,0.81,37.6,9.5,334.8,Very Poor
2024-01-01,00:00,Agra,1,0,10.4,67.2,6.0,81.3,166.5,30.7,1.72,9.3,40.3,172.0,Moderate
2024-01-01,12:00,Mathura,1,12,7.4,71.8,3.6,23.5,43.4,10.1,1.74,17.7,12.7,35.7,Good
2024-01-02,00:00,Varanasi,1,0,11.1,74.9,8.0,29.2,59.5,60.6,0.8,9.1,25.1,57.5,Satisfactory
2024-01-02,12:00,Allahabad,1,12,8.3,80.4,2.2,170.6,386.0,53.8,0.75,7.9,80.5,378.3,Very Poor
2024-01-03,00:00,Delhi,1,0,9.4,86.5,1.5,90.6,223.8,20.6,1.81,11.4,24.8,204.9,Poor
2024-01-03,12:00,Mumbai,1,12,10.5,52.4,1.0,35.9,84.2,35.3,3.11,12.6,24.3,82.8,Satisfactory
2024-01-04,00:00,Lucknow,1,0,8.1,73.3,7.9,129.3,230.5,71.1,1.01,19.4,34.3,316.4,Very Poor
2024-01-04,12:00,Kanpur,1,12,9.9,64.8,3.7,231.7,451.8,34.8,4.1,47.3,62.1,469.1,Severe
2024-01-05,00:00,Agra,1,0,10.6,79.3,7.2,78.3,128.9,31.4,1.26,7.1,131.2,155.3,Moderate
2024-01-05,12:00,Mathura,1,12,11.6,67.6,0.5,64.9,140.3,19.2,0.74,28.7,19.3,127.7,Moderate
2024-01-06,00:00,Varanasi,1,0,11.8,70.7,6.2,42.6,88.1,34.5,0.38,39.0,39.2,83.6,Satisfactory
2024-01-06,12:00,Allahabad,1,12,15.2,65.4,0.5,43.1,77.6,72.7,1.69,30.7,30.8,85.5,Satisfactory
2024-01-07,00:00,Delhi,1,0,7.6,62.7,16.7,22.8,20.0,160.7,1.45,20.3,15.9,47.8,Good
2024-01-07,12:00,Mumbai,1,12,16.6,78.0,7.3,38.8,100.2,8.5,2.37,20.1,37.3,97.1,Satisfactory
2024-01-08,00:00,Lucknow,1,0,7.0,73.6,16.9,31.9,77.7,24.1,0.8,17.3,51.3,89.6,Satisfactory
2024-01-08,12:00,Kanpur,1,12,15.7,67.5,1.3,76.9,140.9,80.5,1.85,2.2,6.3,150.3,Moderate
2024-01-09,00:00,Agra,1,0,10.9,81.6,9.0,134.5,201.2,38.7,0.85,18.2,71.8,323.2,Very Poor
2024-01-09,12:00,Mathura,1,12,15.2,90.9,5.8,102.7,183.3,18.8,4.31,12.7,12.0,246.7,Poor
2024-01-10,00:00,Varanasi,1,0,7.8,78.3,1.2,17.9,50.0,77.1,2.09,9.6,28.8,43.9,Good
2024-01-10,12:00,Allahabad,1,12,14.0,76.1,3.1,25.3,59.1,7.0,3.64,29.9,44.1,50.9,Satisfactory
2024-01-11,00:00,Delhi,1,0,15.1,85.5,4.3,65.5,107.6,24.7,1.52,28.5,44.7,123.7,Moderate
2024-01-11,12:00,Mumbai,1,12,16.8,70.4,0.5,153.7,337.2,12.2,0.11,12.7,77.7,346.6,Very Poor
2024-01-12,00:00,Lucknow,1,0,8.0,76.2,8.0,109.4,254.8,101.8,0.46,9.1,29.6,270.7,Poor
2024-01-12,12:00,Kanpur,1,12,12.1,73.6,1.2,104.5,225.0,27.1,2.47,31.9,28.1,245.2,Poor
2024-01-13,00:00,Agra,1,0,9.2,40.9,3.8,55.0,101.4,10.8,0.25,36.7,82.7,104.1,Moderate
2024-01-13,12:00,Mathura,1,12,17.7,65.6,15.2,119.6,194.1,20.6,3.25,90.3,5.0,299.5,Poor
2024-01-14,00:00,Varanasi,1,0,7.1,59.0,8.2,95.3,172.8,85.1,1.52,29.6,25.0,222.8,Poor
2024-01-14,12:00,Allahabad,1,12,9.2,74.4,5.0,54.5,91.4,95.3,0.95,8.8,37.6,97.1,Satisfactory
2024-01-15,00:00,Delhi,1,0,11.1,50.0,9.1,95.2,180.4,76.9,2.29,26.2,10.1,215.4,Poor
2024-01-15,12:00,Mumbai,1,12,11.6,72.4,1.8,244.1,510.9,38.3,0.33,49.3,66.3,493.8,Severe
2024-01-16,00:00,Lucknow,1,0,12.2,68.6,17.9,56.6,114.7,29.7,0.94,51.7,27.9,114.9,Moderate
2024-01-16,12:00,Kanpur,1,12,7.3,76.1,3.2,98.4,184.1,2.2,2.27,15.3,14.1,229.3,Poor
2024-01-17,00:00,Agra,1,0,14.6,83.2,10.0,85.3,162.1,22.2,1.77,9.4,23.5,183.7,Moderate
2024-01-17,12:00,Mathura,1,12,12.1,75.5,3.7,100.7,225.2,80.0,3.33,13.9,29.6,233.1,Poor
2024-01-18,00:00,Varanasi,1,0,9.5,58.5,3.8,77.6,123.5,37.1,2.57,1.0,19.5,170.6,Moderate
2024-01-18,12:00,Allahabad,1,12,8.7,80.1,1.6,174.4,368.4,25.0,0.48,18.9,51.2,390.2,Very Poor
2024-01-19,00:00,Delhi,1,0,8.5,73.3,0.5,129.7,270.1,27.5,0.48,4.1,47.1,319.8,Very Poor
2024-01-19,12:00,Mumbai,1,12,12.4,73.9,6.3,22.3,49.2,49.3,1.19,4.4,26.5,42.4,Good
2024-01-20,00:00,Lucknow,1,0,15.5,73.2,1.5,14.4,36.7,38.2,1.7,30.5,53.7,47.4,Good
2024-01-20,12:00,Kanpur,1,12,10.9,57.8,2.6,206.8,371.2,58.0,1.97,4.7,20.6,432.3,Severe
2024-01-21,00:00,Agra,1,0,14.7,58.0,3.4,55.6,148.3,28.0,1.19,9.8,36.9,138.0,Moderate
2024-01-21,12:00,Mathura,1,12,13.5,84.4,5.3,192.9,311.0,77.7,4.84,24.7,5.0,415.9,Severe
2024-01-22,00:00,Varanasi,1,0,12.8,75.1,6.2,97.8,175.7,36.3,3.24,59.9,56.8,219.9,Poor
2024-01-22,12:00,Allahabad,1,12,4.0,66.5,2.2,67.0,158.0,68.0,1.44,13.3,36.3,136.5,Moderate
2024-01-23,00:00,Delhi,1,0,13.5,70.0,3.0,61.2,115.9,27.4,0.93,1.0,25.4,106.7,Moderate
2024-01-23,12:00,Mumbai,1,12,13.3,71.7,0.5,91.1,143.8,18.9,2.27,32.4,89.3,200.8,Poor
2024-01-24,00:00,Lucknow,1,0,15.8,54.0,7.5,180.9,429.6,5.3,0.55,1.0,95.0,396.2,Very Poor
2024-01-24,12:00,Kanpur,1,12,14.0,62.7,0.5,113.2,245.2,88.0,0.71,18.6,16.0,275.9,Poor
2024-01-25,00:00,Agra,1,0,13.1,52.2,0.5,49.0,108.5,6.4,1.87,49.1,12.8,99.4,Satisfactory
2024-01-25,12:00,Mathura,1,12,12.7,65.7,3.6,28.8,66.2,122.4,0.23,15.5,42.0,64.0,Satisfactory
2024-01-26,00:00,Varanasi,1,0,12.5,74.1,4.8,37.9,86.3,23.0,0.63,14.3,7.0,86.8,Satisfactory
2024-01-26,12:00,Allahabad,1,12,10.7,70.9,6.3,55.9,96.1,126.3,0.3,54.3,41.9,94.2,Satisfactory
2024-01-27,00:00,Delhi,1,0,15.1,58.2,0.5,110.8,225.1,103.8,1.17,34.0,61.2,273.0,Poor
2024-01-27,12:00,Mumbai,1,12,13.3,81.9,3.0,192.8,354.2,33.7,0.56,33.6,67.8,403.7,Severe
2024-01-28,00:00,Lucknow,1,0,11.4,60.9,1.4,164.0,311.0,2.0,1.28,3.5,12.4,362.5,Very Poor
2024-01-28,12:00,Kanpur,1,12,10.8,41.6,3.1,197.3,429.1,44.9,4.46,25.0,17.1,406.5,Severe
2024-01-29,00:00,Agra,1,0,10.6,63.6,0.5,173.4,408.9,15.7,0.82,2.3,23.9,386.2,Very Poor
2024-01-29,12:00,Mathura,1,12,8.5,72.3,5.6,63.8,165.9,54.6,2.06,25.8,9.0,148.3,Moderate
2024-01-30,00:00,Varanasi,1,0,15.9,62.3,1.6,56.1,104.9,24.2,0.16,13.0,13.1,104.3,Moderate
2024-01-30,12:00,Allahabad,1,12,11.9,51.0,0.6,47.4,102.2,64.9,3.41,50.0,21.2,103.3,Moderate
2024-01-31,00:00,Delhi,1,0,16.2,84.3,0.5,143.6,261.3,83.1,1.62,56.4,5.1,332.8,Very Poor
2024-01-31,12:00,Mumbai,1,12,12.8,91.6,11.6,190.5,416.9,17.5,1.03,54.6,93.6,410.4,Severe
2024-02-01,00:00,Lucknow,2,0,13.1,94.9,10.9,205.5,390.8,27.2,0.29,26.1,38.6,435.7,Severe
2024-02-01,12:00,Kanpur,2,12,18.7,67.6,2.2,84.3,150.1,96.8,1.84,58.5,21.9,182.3,Moderate
2024-02-02,00:00,Agra,2,0,9.5,81.3,15.7,128.4,272.1,77.6,0.59,38.4,117.0,313.3,Very Poor
2024-02-02,12:00,Mathura,2,12,14.2,77.1,2.7,81.2,150.1,38.9,1.48,36.1,5.8,164.9,Moderate
2024-02-03,00:00,Varanasi,2,0,13.4,85.6,2.1,102.7,209.2,8.5,1.14,5.4,53.0,239.1,Poor
2024-02-03,12:00,Allahabad,2,12,17.8,80.4,0.5,131.4,227.4,83.7,1.15,2.8,26.6,319.0,Very Poor
2024-02-04,00:00,Delhi,2,0,16.8,99.3,8.7,65.4,110.2,32.4,0.8,33.4,47.0,123.0,Moderate
2024-02-04,12:00,Mumbai,2,12,13.5,80.5,3.2,80.8,160.3,3.4,0.98,69.9,65.4,176.8,Moderate
2024-02-05,00:00,Lucknow,2,0,17.5,73.8,0.5,40.6,99.4,23.1,2.64,15.0,62.7,91.7,Satisfactory
2024-02-05,12:00,Kanpur,2,12,15.4,87.4,0.5,154.7,407.0,138.6,3.65,20.6,116.3,375.3,Very Poor
2024-02-06,00:00,Agra,2,0,15.2,89.0,16.7,94.6,241.2,11.3,0.72,27.3,32.8,216.6,Poor
2024-02-06,12:00,Mathura,2,12,18.9,79.0,4.7,74.3,151.5,33.2,0.48,10.9,11.5,147.0,Moderate
2024-02-07,00:00,Varanasi,2,0,19.6,91.9,2.4,43.7,96.6,23.9,1.62,16.6,25.2,95.1,Satisfactory
2024-02-07,12:00,Allahabad,2,12,17.6,68.8,1.9,85.1,199.4,59.5,1.33,7.9,12.4,181.6,Moderate
2024-02-08,00:00,Delhi,2,0,16.4,85.6,4.2,281.7,482.7,57.6,0.54,10.7,53.3,496.1,Severe
2024-02-08,12:00,Mumbai,2,12,19.3,89.3,6.8,36.3,60.2,41.5,1.53,67.3,5.0,61.7,Satisfactory
2024-02-09,00:00,Lucknow,2,0,22.1,92.2,3.4,53.5,93.3,21.6,0.61,29.1,33.7,98.2,Satisfactory
2024-02-09,12:00,Kanpur,2,12,17.3,86.9,10.2,212.2,393.8,77.2,3.21,18.7,39.9,446.4,Severe
2024-02-10,00:00,Agra,2,0,19.2,100.0,1.6,102.8,241.5,30.7,3.3,12.9,59.3,243.7,Poor
2024-02-10,12:00,Mathura,2,12,16.3,76.2,11.1,100.9,201.6,41.7,0.39,22.3,10.3,240.4,Poor
2024-02-11,00:00,Varanasi,2,0,21.6,79.4,4.4,57.3,118.8,42.9,1.42,10.6,6.3,123.9,Moderate
2024-02-11,12:00,Allahabad,2,12,16.0,87.2,2.2,161.8,284.7,14.9,2.31,25.6,23.3,371.5,Very Poor
2024-02-12,00:00,Delhi,2,0,23.5,73.3,6.6,66.1,149.5,136.6,1.81,18.7,5.0,120.4,Moderate
2024-02-12,12:00,Mumbai,2,12,13.1,77.9,12.7,118.2,218.5,32.6,0.44,43.7,43.8,294.9,Poor
2024-02-13,00:00,Lucknow,2,0,19.1,100.0,2.5,251.4,524.1,38.9,1.71,37.2,72.6,500.0,Severe
2024-02-13,12:00,Kanpur,2,12,14.2,94.2,1.9,99.3,212.0,51.0,4.88,45.8,5.0,233.4,Poor
2024-02-14,00:00,Agra,2,0,13.2,74.1,6.1,91.6,200.9,6.9,1.61,17.3,20.6,209.9,Poor
2024-02-14,12:00,Mathura,2,12,13.0,66.4,5.9,49.1,92.9,220.0,1.75,48.7,27.4,101.8,Moderate
2024-02-15,00:00,Varanasi,2,0,21.9,76.4,0.5,74.2,131.5,19.0,0.66,37.5,29.2,148.3,Moderate
2024-02-15,12:00,Allahabad,2,12,17.3,98.4,1.1,176.5,357.2,47.5,2.1,43.9,53.5,370.8,Very Poor
2024-02-16,00:00,Delhi,2,0,15.0,66.4,4.1,96.3,141.3,78.3,2.03,25.3,26.0,214.7,Poor
2024-02-16,12:00,Mumbai,2,12,18.8,79.7,1.8,127.4,253.0,49.2,1.65,34.1,33.8,307.7,Very Poor
2024-02-17,00:00,Lucknow,2,0,19.5,83.4,7.7,44.7,125.9,78.6,0.26,29.9,35.2,125.9,Moderate
2024-02-17,12:00,Kanpur,2,12,17.8,87.1,3.8,156.4,217.6,42.8,2.29,4.6,37.6,356.1,Very Poor
2024-02-18,00:00,Agra,2,0,18.6,69.6,5.5,63.3,105.2,20.7,1.88,4.6,71.8,112.5,Moderate
2024-02-18,12:00,Mathura,2,12,18.0,78.9,1.0,160.8,266.8,45.8,0.6,43.1,11.9,361.4,Very Poor
2024-02-19,00:00,Varanasi,2,0,15.9,86.2,2.3,157.4,260.5,92.5,0.57,16.9,57.3,369.3,Very Poor
2024-02-19,12:00,Allahabad,2,12,22.2,96.0,2.8,167.1,360.0,29.9,3.48,11.3,20.4,369.8,Very Poor
2024-02-20,00:00,Delhi,2,0,18.0,74.7,1.4,164.1,373.3,48.7,0.81,9.6,67.6,365.9,Very Poor
2024-02-20,12:00,Mumbai,2,12,23.4,74.2,2.0,21.1,31.2,7.6,1.12,52.3,10.5,38.2,Good
2024-02-21,00:00,Lucknow,2,0,13.4,84.5,1.9,104.6,225.0,48.4,0.6,1.1,14.7,250.0,Poor
2024-02-21,12:00,Kanpur,2,12,17.1,100.0,4.4,86.6,185.8,33.7,2.92,28.2,16.2,195.3,Moderate
2024-02-22,00:00,Agra,2,0,15.7,89.8,5.1,29.0,62.4,20.6,0.38,11.1,30.6,62.4,Satisfactory
2024-02-22,12:00,Mathura,2,12,19.2,93.1,1.5,51.2,118.8,40.5,0.27,9.1,43.1,108.0,Moderate
2024-02-23,00:00,Varanasi,2,0,14.3,64.3,1.3,15.8,46.5,99.9,1.25,19.5,21.3,53.8,Satisfactory
2024-02-23,12:00,Allahabad,2,12,15.9,70.3,5.2,71.4,162.0,21.5,2.12,18.1,78.7,140.3,Moderate
2024-02-24,00:00,Delhi,2,0,13.9,73.5,2.2,137.7,320.0,13.3,0.3,60.6,10.4,327.6,Very Poor
2024-02-24,12:00,Mumbai,2,12,21.1,90.8,3.1,96.9,222.1,78.3,2.89,63.1,44.6,222.0,Poor
2024-02-25,00:00,Lucknow,2,0,21.3,65.6,0.5,93.9,153.7,29.2,1.0,1.1,26.6,207.9,Poor
2024-02-25,12:00,Kanpur,2,12,25.6,87.9,3.5,182.4,366.6,44.0,0.98,37.3,23.7,396.4,Very Poor
2024-02-26,00:00,Agra,2,0,12.7,83.8,0.5,38.7,81.7,55.9,0.18,15.2,31.4,81.8,Satisfactory
2024-02-26,12:00,Mathura,2,12,17.3,84.9,8.2,159.3,286.6,38.1,0.85,17.8,133.5,364.4,Very Poor
2024-02-27,00:00,Varanasi,2,0,17.3,100.0,8.6,44.2,113.4,39.6,1.94,6.7,21.2,115.8,Moderate
2024-02-27,12:00,Allahabad,2,12,14.4,67.3,2.4,126.6,272.7,5.0,0.7,3.8,5.0,314.2,Very Poor
2024-02-28,00:00,Delhi,2,0,15.2,87.9,8.8,98.8,221.6,19.7,1.53,53.5,16.5,234.5,Poor
2024-02-28,12:00,Mumbai,2,12,18.1,67.2,7.5,34.0,49.5,49.3,0.77,12.7,12.8,55.1,Satisfactory
2024-02-29,00:00,Lucknow,2,0,17.2,83.6,15.0,54.3,101.4,34.5,0.53,60.3,6.2,111.6,Moderate
2024-02-29,12:00,Kanpur,2,12,22.4,97.7,1.5,83.7,127.3,61.2,0.83,27.4,15.9,178.9,Moderate
2024-03-01,00:00,Agra,3,0,26.2,74.7,5.1,38.5,61.3,17.4,2.02,9.8,5.0,69.3,Satisfactory
2024-03-01,12:00,Mathura,3,12,21.7,87.7,0.8,107.6,174.2,57.7,0.66,21.4,63.3,259.6,Poor
2024-03-02,00:00,Varanasi,3,0,22.7,79.7,2.7,39.0,87.4,61.6,0.38,23.5,20.8,85.3,Satisfactory
2024-03-02,12:00,Allahabad,3,12,28.2,67.8,4.2,134.3,240.5,68.2,1.01,32.0,42.5,318.1,Very Poor
2024-03-03,00:00,Delhi,3,0,24.1,74.6,5.7,38.2,61.0,2.0,1.53,10.0,54.7,57.8,Satisfactory
2024-03-03,12:00,Mumbai,3,12,26.0,71.6,8.5,83.2,169.5,20.7,0.6,38.8,47.3,168.2,Moderate
2024-03-04,00:00,Lucknow,3,0,24.6,95.4,8.6,46.6,113.1,29.0,0.55,11.9,62.5,109.0,Moderate
2024-03-04,12:00,Kanpur,3,12,22.4,78.4,7.8,45.0,80.2,34.7,1.04,4.2,20.0,76.6,Satisfactory
2024-03-05,00:00,Agra,3,0,24.1,77.1,11.3,14.1,25.9,60.3,2.69,20.9,43.2,26.7,Good
2024-03-05,12:00,Mathura,3,12,26.9,73.6,0.7,82.2,202.2,87.1,0.36,10.4,29.4,179.0,Moderate
2024-03-06,00:00,Varanasi,3,0,26.1,93.3,1.7,26.3,85.7,34.1,0.38,17.5,23.2,86.2,Satisfactory
2024-03-06,12:00,Allahabad,3,12,29.7,87.3,1.5,62.3,134.2,9.7,0.67,19.6,30.3,117.6,Moderate
2024-03-07,00:00,Delhi,3,0,19.8,100.0,17.7,102.2,178.8,26.1,0.75,1.6,41.9,242.8,Poor
2024-03-07,12:00,Mumbai,3,12,19.8,66.3,3.0,87.2,166.9,11.3,1.04,35.0,5.0,195.3,Moderate
2024-03-08,00:00,Lucknow,3,0,28.7,95.7,2.8,70.0,135.9,20.0,0.21,4.1,53.8,135.5,Moderate
2024-03-08,12:00,Kanpur,3,12,26.9,78.1,6.9,20.8,47.8,42.6,0.95,11.2,32.9,52.0,Satisfactory
2024-03-09,00:00,Agra,3,0,28.8,94.0,7.6,80.0,195.3,10.5,0.38,8.2,36.6,166.6,Moderate
2024-03-09,12:00,Mathura,3,12,21.8,77.8,14.7,36.1,48.4,46.9,0.91,4.1,45.9,64.8,Satisfactory
2024-03-10,00:00,Varanasi,3,0,23.9,69.0,6.1,27.3,57.2,9.4,2.59,6.2,10.6,57.8,Satisfactory
2024-03-10,12:00,Allahabad,3,12,24.2,95.4,1.2,81.5,181.1,24.9,0.44,29.6,15.7,178.4,Moderate
2024-03-11,00:00,Delhi,3,0,23.9,89.2,1.9,72.3,104.8,121.5,1.89,6.5,37.8,138.0,Moderate
2024-03-11,12:00,Mumbai,3,12,24.4,85.1,1.9,61.5,98.5,2.0,1.6,4.4,27.6,101.1,Moderate
2024-03-12,00:00,Lucknow,3,0,29.7,100.0,11.8,101.8,147.7,31.0,0.42,29.6,57.1,238.9,Poor
2024-03-12,12:00,Kanpur,3,12,22.2,80.7,3.7,102.7,224.4,10.6,3.03,14.5,81.2,242.3,Poor
2024-03-13,00:00,Agra,3,0,27.8,91.6,33.1,50.8,98.6,30.3,1.53,27.5,32.7,97.5,Satisfactory
2024-03-13,12:00,Mathura,3,12,15.8,67.5,4.6,48.5,119.2,17.0,1.05,3.5,36.6,117.1,Moderate
2024-03-14,00:00,Varanasi,3,0,25.9,79.0,0.9,27.5,78.7,22.2,0.24,18.0,29.0,79.3,Satisfactory
2024-03-14,12:00,Allahabad,3,12,29.2,94.1,2.6,56.0,118.6,17.4,2.01,12.3,40.3,115.9,Moderate
2024-03-15,00:00,Delhi,3,0,27.0,95.5,35.7,101.3,170.3,76.5,1.22,10.1,13.2,248.3,Poor
2024-03-15,12:00,Mumbai,3,12,26.2,87.9,6.2,39.8,54.9,28.8,1.18,66.6,33.0,67.3,Satisfactory
2024-03-16,00:00,Lucknow,3,0,24.5,98.6,0.6,40.7,61.6,60.5,0.71,22.7,42.8,79.2,Satisfactory
2024-03-16,12:00,Kanpur,3,12,25.4,85.3,2.8,86.8,135.2,127.7,2.03,22.2,28.2,179.9,Moderate
2024-03-17,00:00,Agra,3,0,22.2,98.3,21.3,48.2,73.7,23.8,0.1,12.3,21.6,73.7,Satisfactory
2024-03-17,12:00,Mathura,3,12,28.5,77.2,3.2,42.8,80.7,33.0,2.03,10.6,24.6,85.1,Satisfactory
2024-03-18,00:00,Varanasi,3,0,17.6,80.8,7.2,43.7,77.3,39.1,0.41,5.2,32.1,79.9,Satisfactory
2024-03-18,12:00,Allahabad,3,12,25.4,82.0,4.8,25.8,59.6,41.0,1.74,6.7,10.3,53.8,Satisfactory
2024-03-19,00:00,Delhi,3,0,33.2,86.8,3.0,14.5,11.3,6.0,1.15,6.3,16.9,27.9,Good
2024-03-19,12:00,Mumbai,3,12,24.0,87.2,13.6,70.2,156.3,11.7,0.72,16.7,66.5,150.9,Moderate
2024-03-20,00:00,Lucknow,3,0,33.8,82.4,15.1,30.2,64.1,9.1,0.27,12.3,53.5,67.9,Satisfactory
2024-03-20,12:00,Kanpur,3,12,25.7,97.5,2.3,109.1,195.6,72.9,2.86,6.0,11.6,267.9,Poor
2024-03-21,00:00,Agra,3,0,25.3,84.3,7.5,74.5,145.5,23.3,0.5,1.0,89.3,149.0,Moderate
2024-03-21,12:00,Mathura,3,12,29.0,100.0,2.4,239.6,501.8,19.4,0.9,1.0,44.4,490.6,Severe
2024-03-22,00:00,Varanasi,3,0,24.2,100.0,19.4,81.6,175.4,51.8,0.1,25.3,53.6,180.9,Moderate
2024-03-22,12:00,Allahabad,3,12,22.7,98.2,5.0,9.9,15.5,177.8,0.81,4.4,9.5,14.3,Good
2024-03-23,00:00,Delhi,3,0,22.2,85.0,15.5,38.7,85.0,7.7,0.43,1.0,38.2,90.7,Satisfactory
2024-03-23,12:00,Mumbai,3,12,19.3,71.8,2.4,59.1,108.5,86.3,0.68,5.4,52.2,102.8,Moderate
2024-03-24,00:00,Lucknow,3,0,25.9,85.7,2.9,14.1,31.6,43.8,0.11,30.4,64.9,30.8,Good
2024-03-24,12:00,Kanpur,3,12,27.4,89.7,7.0,49.3,88.7,39.8,0.97,40.7,29.3,87.6,Satisfactory
2024-03-25,00:00,Agra,3,0,25.1,83.9,4.3,21.8,62.7,3.0,1.53,13.8,53.6,70.1,Satisfactory
2024-03-25,12:00,Mathura,3,12,23.6,67.7,16.2,86.0,193.1,36.1,0.61,2.8,28.6,181.4,Moderate
2024-03-26,00:00,Varanasi,3,0,28.0,100.0,39.1,14.7,34.2,24.8,1.1,9.1,36.5,32.2,Good
2024-03-26,12:00,Allahabad,3,12,22.9,83.0,9.4,51.4,106.2,41.7,1.19,12.7,60.8,110.4,Moderate
2024-03-27,00:00,Delhi,3,0,27.0,100.0,4.5,67.4,139.3,12.0,1.54,1.0,82.0,130.3,Moderate
2024-03-27,12:00,Mumbai,3,12,22.6,92.9,9.8,59.2,144.4,65.5,1.08,1.0,12.1,129.6,Moderate
2024-03-28,00:00,Lucknow,3,0,33.7,89.4,6.8,23.4,34.8,35.1,1.11,38.4,5.0,44.0,Good
2024-03-28,12:00,Kanpur,3,12,29.2,81.8,11.2,98.7,191.4,30.5,1.43,11.4,54.9,222.9,Poor
2024-03-29,00:00,Agra,3,0,28.3,82.1,4.6,140.0,225.2,34.3,0.84,36.7,10.9,334.6,Very Poor
2024-03-29,12:00,Mathura,3,12,25.1,67.6,14.0,141.2,317.8,33.4,5.08,34.7,51.7,337.3,Very Poor
2024-03-30,00:00,Varanasi,3,0,26.7,100.0,2.3,41.4,75.0,48.1,0.35,13.7,55.6,69.2,Satisfactory
2024-03-30,12:00,Allahabad,3,12,19.8,66.4,0.5,50.8,94.8,42.1,0.21,25.0,14.8,89.3,Satisfactory
2024-03-31,00:00,Delhi,3,0,28.5,81.5,4.8,121.6,205.4,30.9,0.67,11.6,44.2,299.9,Poor
2024-03-31,12:00,Mumbai,3,12,25.5,84.8,3.6,137.4,325.9,43.6,0.28,3.4,35.8,321.0,Very Poor
2024-04-01,00:00,Lucknow,4,0,29.9,67.5,21.2,59.9,128.4,87.0,1.59,10.0,39.4,114.6,Moderate
2024-04-01,12:00,Kanpur,4,12,34.6,82.2,5.2,53.4,112.8,152.5,1.06,64.3,57.3,111.1,Moderate
2024-04-02,00:00,Agra,4,0,29.8,83.5,7.3,104.9,209.2,17.8,1.25,38.1,15.7,252.8,Poor
2024-04-02,12:00,Mathura,4,12,30.2,88.4,9.7,19.5,31.6,11.2,0.35,5.1,16.4,25.2,Good
2024-04-03,00:00,Varanasi,4,0,31.3,77.6,5.1,46.1,82.7,13.9,0.61,13.6,63.1,88.2,Satisfactory
2024-04-03,12:00,Allahabad,4,12,32.0,92.6,12.8,93.6,180.4,59.9,1.54,8.5,59.5,206.2,Poor
2024-04-04,00:00,Delhi,4,0,32.2,73.1,11.2,49.7,87.1,48.1,4.61,1.0,66.6,88.8,Satisfactory
2024-04-04,12:00,Mumbai,4,12,36.1,92.5,3.4,68.5,96.7,114.9,0.75,44.9,47.0,129.2,Moderate
2024-04-05,00:00,Lucknow,4,0,35.3,73.4,3.6,71.5,171.5,26.8,1.56,15.7,123.3,153.0,Moderate
2024-04-05,12:00,Kanpur,4,12,29.1,78.4,4.9,99.4,198.3,51.9,1.76,16.3,60.7,225.8,Poor
2024-04-06,00:00,Agra,4,0,35.3,73.1,6.3,12.6,29.9,15.3,0.99,9.7,89.9,30.7,Good
2024-04-06,12:00,Mathura,4,12,29.1,91.5,4.1,90.4,204.0,50.3,3.18,1.0,16.0,194.2,Moderate
2024-04-07,00:00,Varanasi,4,0,29.7,88.8,10.5,48.1,92.3,5.2,0.44,10.6,47.9,99.9,Satisfactory
2024-04-07,12:00,Allahabad,4,12,32.4,77.6,4.4,147.5,298.6,24.8,2.0,3.8,9.5,351.1,Very Poor
2024-04-08,00:00,Delhi,4,0,28.7,68.2,11.4,63.4,142.8,36.3,3.61,2.3,40.7,138.8,Moderate
2024-04-08,12:00,Mumbai,4,12,32.0,92.5,5.9,27.8,58.1,48.2,0.44,6.1,75.1,67.5,Satisfactory
2024-04-09,00:00,Lucknow,4,0,32.9,68.1,0.6,74.7,172.3,15.3,1.29,12.7,5.0,146.7,Moderate
2024-04-09,12:00,Kanpur,4,12,30.4,75.2,0.5,126.2,224.5,27.1,1.63,10.3,6.2,306.7,Very Poor
2024-04-10,00:00,Agra,4,0,27.5,76.3,13.4,43.0,92.7,21.9,1.14,6.0,49.6,85.0,Satisfactory
2024-04-10,12:00,Mathura,4,12,32.3,81.4,0.8,183.0,403.9,63.1,1.56,33.4,66.8,398.8,Very Poor
2024-04-11,00:00,Varanasi,4,0,28.9,81.3,7.2,34.0,88.0,58.2,0.36,10.5,62.7,85.1,Satisfactory
2024-04-11,12:00,Allahabad,4,12,26.2,78.4,3.0,77.9,152.3,28.3,1.57,13.7,23.2,161.3,Moderate
2024-04-12,00:00,Delhi,4,0,34.8,94.3,13.1,23.7,68.8,17.4,1.35,22.1,25.1,61.7,Satisfactory
2024-04-12,12:00,Mumbai,4,12,33.3,79.8,1.2,46.1,66.6,3.6,1.03,1.9,174.0,83.1,Satisfactory
2024-04-13,00:00,Lucknow,4,0,37.8,88.2,1.2,50.5,115.1,33.8,2.34,5.0,5.0,112.8,Moderate
2024-04-13,12:00,Kanpur,4,12,30.7,90.7,7.8,48.8,79.7,70.1,1.74,109.0,29.2,81.1,Satisfactory
2024-04-14,00:00,Agra,4,0,31.2,100.0,7.4,93.2,195.7,45.1,2.2,8.3,47.5,210.9,Poor
2024-04-14,12:00,Mathura,4,12,28.9,91.5,10.4,43.5,106.9,12.2,1.5,14.8,69.9,108.0,Moderate
2024-04-15,00:00,Varanasi,4,0,35.5,74.6,18.8,81.6,185.3,38.9,3.49,3.0,24.3,178.6,Moderate
2024-04-15,12:00,Allahabad,4,12,32.2,69.5,14.1,36.8,87.4,27.8,5.03,2.3,12.8,85.7,Satisfactory
2024-04-16,00:00,Delhi,4,0,28.5,90.8,23.0,111.8,256.5,16.0,1.04,12.9,5.9,268.4,Poor
2024-04-16,12:00,Mumbai,4,12,31.8,81.7,21.0,16.9,23.4,57.5,3.1,35.9,15.7,30.0,Good
2024-04-17,00:00,Lucknow,4,0,31.9,84.4,4.6,59.9,160.1,34.3,2.09,25.3,32.2,144.9,Moderate
2024-04-17,12:00,Kanpur,4,12,38.4,75.4,1.9,56.3,129.0,79.3,2.04,19.5,12.7,118.9,Moderate
2024-04-18,00:00,Agra,4,0,34.0,85.0,2.1,23.4,44.6,6.8,1.07,24.3,52.4,40.5,Good
2024-04-18,12:00,Mathura,4,12,36.6,68.1,8.8,128.1,217.9,18.8,0.23,25.1,15.0,314.8,Very Poor
2024-04-19,00:00,Varanasi,4,0,35.4,80.5,13.3,96.2,179.9,17.3,2.63,1.8,29.3,224.6,Poor
2024-04-19,12:00,Allahabad,4,12,32.7,80.6,1.4,60.2,108.3,40.5,1.06,8.8,12.9,101.6,Moderate
2024-04-20,00:00,Delhi,4,0,34.5,100.0,1.3,24.7,54.4,101.1,1.77,26.2,30.5,49.9,Good
2024-04-20,12:00,Mumbai,4,12,31.6,83.8,10.6,74.8,157.1,37.3,3.88,26.9,81.9,152.3,Moderate
2024-04-21,00:00,Lucknow,4,0,36.0,80.0,0.7,57.2,135.2,12.8,3.62,7.5,80.6,119.2,Moderate
2024-04-21,12:00,Kanpur,4,12,32.4,93.5,3.0,154.4,245.6,92.1,1.83,12.6,54.1,346.7,Very Poor
2024-04-22,00:00,Agra,4,0,35.6,89.4,0.5,114.0,221.2,27.4,0.68,4.8,5.7,274.1,Poor
2024-04-22,12:00,Mathura,4,12,29.1,91.2,5.7,148.1,364.6,15.7,0.58,22.3,101.7,334.9,Very Poor
2024-04-23,00:00,Varanasi,4,0,30.9,100.0,13.1,15.2,28.6,30.4,0.55,2.1,111.3,27.0,Good
2024-04-23,12:00,Allahabad,4,12,36.7,83.0,1.9,79.7,133.2,47.1,2.23,32.8,21.0,176.6,Moderate
2024-04-24,00:00,Delhi,4,0,31.8,80.5,29.7,145.6,261.1,15.3,0.67,26.9,34.5,338.0,Very Poor
2024-04-24,12:00,Mumbai,4,12,34.0,98.1,8.0,57.2,99.1,13.0,0.75,50.5,13.4,107.5,Moderate
2024-04-25,00:00,Lucknow,4,0,33.2,78.6,4.6,32.6,62.7,56.2,0.82,1.7,62.2,69.9,Satisfactory
2024-04-25,12:00,Kanpur,4,12,27.3,79.7,1.5,60.8,152.4,81.8,2.33,19.1,62.3,137.6,Moderate
2024-04-26,00:00,Agra,4,0,33.1,100.0,2.5,10.5,28.7,17.5,1.0,10.5,23.5,33.6,Good
2024-04-26,12:00,Mathura,4,12,33.0,87.8,4.2,141.1,320.4,51.1,1.66,23.9,14.1,336.1,Very Poor
2024-04-27,00:00,Varanasi,4,0,38.7,84.6,35.6,80.1,188.4,23.6,0.45,18.3,7.8,167.7,Moderate
2024-04-27,12:00,Allahabad,4,12,27.8,81.3,24.8,60.6,112.9,32.2,0.67,44.3,84.6,110.3,Moderate
2024-04-28,00:00,Delhi,4,0,34.4,94.1,8.8,157.5,284.6,43.6,0.83,26.0,20.1,363.7,Very Poor
2024-04-28,12:00,Mumbai,4,12,27.6,79.2,4.9,21.6,33.4,17.0,0.65,5.4,20.4,32.8,Good
2024-04-29,00:00,Lucknow,4,0,30.9,81.7,14.6,42.9,95.6,20.7,0.45,64.2,36.4,90.4,Satisfactory
2024-04-29,12:00,Kanpur,4,12,34.1,79.2,0.5,154.0,290.7,111.5,0.51,1.0,24.0,357.8,Very Poor
2024-04-30,00:00,Agra,4,0,32.9,68.5,31.4,51.5,86.9,62.3,1.7,29.4,18.6,87.2,Satisfactory
2024-04-30,12:00,Mathura,4,12,32.8,94.2,6.0,33.6,85.3,49.6,1.69,28.3,58.2,76.5,Satisfactory
2024-05-01,00:00,Varanasi,5,0,32.6,72.0,7.3,33.0,62.1,42.5,1.6,11.8,98.5,64.5,Satisfactory
2024-05-01,12:00,Allahabad,5,12,39.5,60.2,6.4,78.9,185.7,35.9,0.15,6.2,52.9,173.9,Moderate
2024-05-02,00:00,Delhi,5,0,39.4,63.8,2.8,28.7,69.5,2.8,0.1,22.1,65.2,70.1,Satisfactory
2024-05-02,12:00,Mumbai,5,12,38.5,82.1,7.4,30.4,54.0,37.9,0.46,26.0,21.3,64.0,Satisfactory
2024-05-03,00:00,Lucknow,5,0,43.3,68.4,0.7,66.3,115.2,47.2,0.33,6.4,11.7,118.9,Moderate
2024-05-03,12:00,Kanpur,5,12,41.5,57.9,1.3,65.1,126.8,99.6,0.58,42.5,32.6,114.8,Moderate
2024-05-04,00:00,Agra,5,0,41.5,63.3,5.2,52.6,83.5,11.5,0.25,1.0,18.3,82.4,Satisfactory
2024-05-04,12:00,Mathura,5,12,39.4,88.2,6.5,40.8,58.6,48.0,0.84,1.0,19.0,67.5,Satisfactory
2024-05-05,00:00,Varanasi,5,0,39.4,69.5,10.5,37.4,92.1,85.5,0.79,6.7,31.6,85.4,Satisfactory
2024-05-05,12:00,Allahabad,5,12,36.4,85.7,17.6,75.5,141.1,52.3,0.9,26.3,51.4,143.8,Moderate
2024-05-06,00:00,Delhi,5,0,37.0,72.9,9.4,71.2,132.5,7.7,0.4,11.0,102.1,138.6,Moderate
2024-05-06,12:00,Mumbai,5,12,40.6,58.4,9.4,28.6,55.0,15.6,0.15,2.7,63.7,54.8,Satisfactory
2024-05-07,00:00,Lucknow,5,0,43.3,72.5,3.2,41.3,104.7,43.3,0.96,10.8,11.1,114.3,Moderate
2024-05-07,12:00,Kanpur,5,12,41.4,70.1,0.5,57.4,121.5,53.1,2.0,12.7,22.5,112.4,Moderate
2024-05-08,00:00,Agra,5,0,40.9,67.6,12.4,68.5,121.2,9.1,3.97,4.9,25.5,131.3,Moderate
2024-05-08,12:00,Mathura,5,12,38.5,82.5,11.1,99.1,211.1,16.7,0.3,6.0,39.5,229.3,Poor
2024-05-09,00:00,Varanasi,5,0,37.7,76.8,0.8,24.9,43.2,4.7,0.38,3.9,17.8,44.2,Good
2024-05-09,12:00,Allahabad,5,12,37.9,82.2,7.7,18.0,25.9,14.9,0.9,11.2,40.3,27.3,Good
2024-05-10,00:00,Delhi,5,0,33.1,90.4,0.8,17.7,41.5,20.7,0.18,2.6,76.4,36.4,Good
2024-05-10,12:00,Mumbai,5,12,39.8,80.5,0.5,85.5,144.0,57.2,0.28,19.4,12.3,187.0,Moderate
2024-05-11,00:00,Lucknow,5,0,37.7,63.0,4.8,52.8,123.6,101.0,0.6,12.7,14.6,125.2,Moderate
2024-05-11,12:00,Kanpur,5,12,36.5,74.9,7.8,271.4,540.4,38.3,0.79,14.4,35.4,500.0,Severe
2024-05-12,00:00,Agra,5,0,37.2,79.5,5.9,83.6,216.4,20.4,1.57,4.5,23.1,183.4,Moderate
2024-05-12,12:00,Mathura,5,12,36.7,63.8,5.5,8.2,12.1,32.2,0.41,36.5,75.9,9.2,Good
2024-05-13,00:00,Varanasi,5,0,29.3,84.8,0.6,29.9,68.9,2.8,0.23,9.7,86.3,74.3,Satisfactory
2024-05-13,12:00,Allahabad,5,12,40.3,70.9,13.1,102.4,152.7,103.0,0.21,24.0,31.5,236.1,Poor
2024-05-14,00:00,Delhi,5,0,37.9,80.2,4.6,66.3,99.4,9.1,0.46,37.3,75.2,119.4,Moderate
2024-05-14,12:00,Mumbai,5,12,36.1,59.4,18.1,32.2,65.8,28.7,0.13,11.2,30.7,71.7,Satisfactory
2024-05-15,00:00,Lucknow,5,0,31.9,61.9,0.5,43.6,83.0,31.4,1.63,5.4,77.1,84.3,Satisfactory
2024-05-15,12:00,Kanpur,5,12,41.8,76.9,0.8,64.5,141.4,9.5,0.95,59.8,17.1,126.6,Moderate
2024-05-16,00:00,Agra,5,0,38.0,80.6,2.8,80.4,171.5,27.2,0.48,3.1,57.6,173.8,Moderate
2024-05-16,12:00,Mathura,5,12,38.6,70.7,2.3,63.9,145.9,48.5,1.42,15.8,15.5,130.7,Moderate
2024-05-17,00:00,Varanasi,5,0,32.0,79.3,0.5,118.6,282.2,10.3,1.3,14.2,26.7,297.1,Poor
2024-05-17,12:00,Allahabad,5,12,34.0,62.5,3.0,46.5,73.1,31.9,1.16,5.1,7.6,81.0,Satisfactory
2024-05-18,00:00,Delhi,5,0,40.3,86.4,5.7,43.5,79.7,43.1,0.34,27.2,13.2,72.0,Satisfactory
2024-05-18,12:00,Mumbai,5,12,34.9,71.9,4.1,139.8,325.3,45.1,0.86,7.1,22.2,337.9,Very Poor
2024-05-19,00:00,Lucknow,5,0,35.7,85.3,14.2,33.4,73.2,12.5,0.23,13.6,44.3,69.4,Satisfactory
2024-05-19,12:00,Kanpur,5,12,39.2,71.3,8.5,37.6,76.9,45.3,0.5,18.5,5.7,85.4,Satisfactory
2024-05-20,00:00,Agra,5,0,40.3,78.5,4.4,35.4,64.8,23.7,0.23,3.0,42.6,60.3,Satisfactory
2024-05-20,12:00,Mathura,5,12,37.3,68.4,4.8,40.8,121.6,52.3,0.1,11.4,55.1,115.6,Moderate
2024-05-21,00:00,Varanasi,5,0,37.9,72.5,9.0,61.6,105.9,19.3,2.32,11.6,27.1,102.9,Moderate
2024-05-21,12:00,Allahabad,5,12,37.9,75.2,3.9,28.8,64.3,23.8,0.91,9.6,57.3,67.2,Satisfactory
2024-05-22,00:00,Delhi,5,0,37.0,61.3,3.9,25.0,71.4,28.7,0.94,19.9,26.3,68.1,Satisfactory
2024-05-22,12:00,Mumbai,5,12,36.6,63.7,11.1,10.9,21.5,50.8,0.68,33.1,48.4,20.9,Good
2024-05-23,00:00,Lucknow,5,0,34.8,95.7,2.6,54.4,85.9,22.0,1.99,14.0,5.0,94.2,Satisfactory
2024-05-23,12:00,Kanpur,5,12,40.0,74.4,28.9,96.6,180.4,89.5,1.36,2.6,26.0,226.7,Poor
2024-05-24,00:00,Agra,5,0,35.9,71.2,13.1,7.9,10.0,2.0,1.0,10.5,98.2,15.4,Good
2024-05-24,12:00,Mathura,5,12,34.5,60.9,8.6,116.8,192.3,13.3,2.38,9.3,38.6,284.8,Poor
2024-05-25,00:00,Varanasi,5,0,38.6,85.2,1.0,22.9,51.4,10.1,0.15,2.1,27.4,49.3,Good
2024-05-25,12:00,Allahabad,5,12,36.0,68.7,9.3,49.8,90.7,10.0,0.7,36.0,13.8,85.8,Satisfactory
2024-05-26,00:00,Delhi,5,0,37.5,83.6,5.2,98.2,240.1,26.4,0.5,17.1,26.6,224.9,Poor
2024-05-26,12:00,Mumbai,5,12,40.2,72.3,17.9,37.5,62.9,4.6,0.5,13.5,12.8,58.2,Satisfactory
2024-05-27,00:00,Lucknow,5,0,40.9,66.3,10.5,18.9,35.2,20.6,0.53,15.2,18.6,44.3,Good
2024-05-27,12:00,Kanpur,5,12,41.8,78.8,5.8,60.2,144.6,46.3,0.82,1.0,23.5,124.9,Moderate
2024-05-28,00:00,Agra,5,0,38.5,88.0,0.5,9.0,20.1,7.5,0.63,7.4,5.0,20.4,Good
2024-05-28,12:00,Mathura,5,12,37.3,88.8,1.8,27.7,69.0,16.9,2.16,55.8,40.2,67.5,Satisfactory
2024-05-29,00:00,Varanasi,5,0,35.7,73.2,29.4,53.9,90.7,28.6,1.07,5.2,81.6,85.5,Satisfactory
2024-05-29,12:00,Allahabad,5,12,36.9,67.8,1.1,20.2,50.1,22.7,0.54,9.1,58.6,38.7,Good
2024-05-30,00:00,Delhi,5,0,36.7,65.7,3.6,63.8,133.4,35.1,1.52,20.5,55.9,117.7,Moderate
2024-05-30,12:00,Mumbai,5,12,37.6,43.5,13.4,35.8,52.7,2.0,1.62,6.7,46.4,66.2,Satisfactory
2024-05-31,00:00,Lucknow,5,0,40.9,73.4,29.0,27.4,55.8,15.6,0.87,4.3,27.4,58.8,Satisfactory
2024-05-31,12:00,Kanpur,5,12,40.9,74.5,11.8,31.2,63.2,47.2,0.5,4.0,15.1,59.9,Satisfactory
2024-06-01,00:00,Agra,6,0,37.7,67.3,10.6,57.1,122.1,13.4,1.17,2.2,31.2,119.4,Moderate
2024-06-01,12:00,Mathura,6,12,41.4,50.4,1.6,51.5,119.1,24.9,0.77,32.0,54.8,119.8,Moderate
2024-06-02,00:00,Varanasi,6,0,40.1,46.0,15.6,24.7,44.9,13.9,1.65,16.8,16.1,44.6,Good
2024-06-02,12:00,Allahabad,6,12,41.6,61.9,3.1,115.4,210.1,27.4,0.79,1.5,87.8,292.4,Poor
2024-06-03,00:00,Delhi,6,0,37.1,62.6,8.6,41.0,69.0,13.2,0.92,30.7,31.0,67.4,Satisfactory
2024-06-03,12:00,Mumbai,6,12,37.4,69.5,0.5,52.7,104.2,30.9,0.54,1.0,5.0,113.7,Moderate
2024-06-04,00:00,Lucknow,6,0,42.2,47.5,2.9,68.9,133.9,24.4,0.47,18.4,61.2,129.8,Moderate
2024-06-04,12:00,Kanpur,6,12,36.7,61.1,5.9,93.4,141.9,66.0,2.64,10.7,31.7,207.3,Poor
2024-06-05,00:00,Agra,6,0,42.9,50.3,4.4,5.8,10.0,16.7,0.82,9.7,31.6,11.7,Good
2024-06-05,12:00,Mathura,6,12,36.6,64.1,8.7,77.2,117.1,36.9,1.62,22.2,29.7,159.9,Moderate
2024-06-06,00:00,Varanasi,6,0,40.9,46.9,16.2,29.6,74.1,3.6,1.71,2.5,65.8,68.8,Satisfactory
2024-06-06,12:00,Allahabad,6,12,38.8,60.4,1.2,33.3,97.4,23.4,0.1,20.1,25.9,96.2,Satisfactory
2024-06-07,00:00,Delhi,6,0,42.5,65.7,0.5,35.0,65.0,15.1,1.15,22.7,45.7,59.6,Satisfactory
2024-06-07,12:00,Mumbai,6,12,39.4,54.5,1.8,95.6,188.9,51.3,0.36,9.0,18.8,215.9,Poor
2024-06-08,00:00,Lucknow,6,0,38.3,53.3,15.2,62.8,114.7,37.6,0.15,26.5,5.0,115.5,Moderate
2024-06-08,12:00,Kanpur,6,12,35.3,64.5,3.4,32.6,76.3,28.1,0.72,32.2,7.5,85.0,Satisfactory
2024-06-09,00:00,Agra,6,0,46.0,69.8,0.6,32.0,74.0,10.1,0.92,5.4,44.0,67.5,Satisfactory
2024-06-09,12:00,Mathura,6,12,41.1,61.5,9.7,59.9,106.9,14.1,0.16,33.2,55.9,102.9,Moderate
2024-06-10,00:00,Varanasi,6,0,35.2,59.1,7.8,15.2,31.1,9.3,0.81,18.2,51.7,33.5,Good
2024-06-10,12:00,Allahabad,6,12,39.0,65.2,3.9,28.6,48.7,6.1,1.34,35.0,23.8,43.2,Good
2024-06-11,00:00,Delhi,6,0,46.1,44.9,21.0,151.8,313.5,2.0,0.13,1.0,53.9,345.1,Very Poor
2024-06-11,12:00,Mumbai,6,12,44.3,55.2,1.5,60.5,141.9,17.3,0.41,26.5,127.1,134.8,Moderate
2024-06-12,00:00,Lucknow,6,0,34.4,66.7,7.7,11.5,30.2,25.6,0.3,4.5,24.6,26.9,Good
2024-06-12,12:00,Kanpur,6,12,39.6,44.2,2.2,19.9,43.3,31.0,0.46,17.5,23.7,38.2,Good
2024-06-13,00:00,Agra,6,0,40.2,47.6,6.1,21.1,33.4,37.4,0.21,13.5,59.6,32.7,Good
2024-06-13,12:00,Mathura,6,12,34.2,57.6,3.0,67.1,101.7,12.6,1.11,1.2,53.6,133.9,Moderate
2024-06-14,00:00,Varanasi,6,0,40.0,73.1,3.5,50.8,108.5,30.9,0.1,5.8,10.7,109.8,Moderate
2024-06-14,12:00,Allahabad,6,12,39.2,59.5,0.8,54.3,99.0,33.3,0.24,27.1,44.5,101.0,Moderate
2024-06-15,00:00,Delhi,6,0,41.1,62.5,3.7,27.2,43.8,18.9,0.78,22.6,22.1,46.0,Good
2024-06-15,12:00,Mumbai,6,12,41.8,64.8,9.6,23.3,50.4,75.8,0.15,5.4,34.9,52.7,Satisfactory
2024-06-16,00:00,Lucknow,6,0,41.8,53.6,6.6,53.7,111.0,26.5,1.28,26.2,9.9,102.6,Moderate
2024-06-16,12:00,Kanpur,6,12,42.8,69.0,2.7,85.8,204.0,24.9,1.33,51.8,42.9,190.9,Moderate
2024-06-17,00:00,Agra,6,0,42.9,52.7,1.5,55.3,101.8,23.1,0.24,14.7,44.5,95.6,Satisfactory
2024-06-17,12:00,Mathura,6,12,42.8,93.4,7.5,72.2,137.8,24.6,1.18,18.6,20.2,135.1,Moderate
2024-06-18,00:00,Varanasi,6,0,39.8,49.7,3.0,45.0,76.5,14.2,0.16,12.1,89.9,77.1,Satisfactory
2024-06-18,12:00,Allahabad,6,12,40.1,52.4,1.4,85.8,201.8,34.4,0.27,30.0,21.6,179.5,Moderate
2024-06-19,00:00,Delhi,6,0,36.8,58.9,3.2,79.4,166.5,12.7,1.74,3.4,50.4,168.6,Moderate
2024-06-19,12:00,Mumbai,6,12,42.7,62.6,8.8,60.8,138.0,7.9,1.28,25.7,70.6,124.4,Moderate
2024-06-20,00:00,Lucknow,6,0,37.5,50.9,2.3,128.0,229.9,24.1,0.35,17.1,41.3,311.4,Very Poor
2024-06-20,12:00,Kanpur,6,12,43.8,51.1,13.4,233.7,515.2,28.5,0.36,30.4,37.4,500.0,Severe
2024-06-21,00:00,Agra,6,0,38.9,66.5,1.7,32.4,55.4,19.6,1.66,1.0,30.1,55.4,Satisfactory
2024-06-21,12:00,Mathura,6,12,42.7,54.9,2.5,85.5,106.1,34.0,0.65,58.4,21.8,180.9,Moderate
2024-06-22,00:00,Varanasi,6,0,41.4,59.1,40.0,48.1,63.5,35.8,0.1,1.1,29.6,77.3,Satisfactory
2024-06-22,12:00,Allahabad,6,12,37.1,62.6,18.3,98.2,241.3,36.7,1.05,19.1,82.6,229.7,Poor
2024-06-23,00:00,Delhi,6,0,42.1,60.8,12.2,41.3,94.3,10.3,0.31,17.5,15.1,95.2,Satisfactory
2024-06-23,12:00,Mumbai,6,12,43.8,54.1,0.5,76.4,110.7,10.3,0.77,7.5,17.9,156.7,Moderate
2024-06-24,00:00,Lucknow,6,0,37.0,60.9,33.0,23.0,39.9,16.3,0.48,18.9,29.4,36.6,Good
2024-06-24,12:00,Kanpur,6,12,39.6,61.6,10.8,45.5,102.4,39.8,1.6,15.1,56.2,111.5,Moderate
2024-06-25,00:00,Agra,6,0,43.0,67.3,1.2,62.2,80.2,13.9,0.94,19.1,9.6,110.2,Moderate
2024-06-25,12:00,Mathura,6,12,36.1,63.4,4.5,67.7,125.6,25.8,1.05,26.6,48.0,140.4,Moderate
2024-06-26,00:00,Varanasi,6,0,41.3,59.4,17.0,32.7,82.8,30.8,1.03,11.7,8.0,88.7,Satisfactory
2024-06-26,12:00,Allahabad,6,12,45.9,45.5,3.1,56.3,123.9,30.7,0.1,27.8,13.4,119.4,Moderate
2024-06-27,00:00,Delhi,6,0,33.5,48.0,23.0,123.2,198.2,14.2,0.78,3.8,53.5,300.2,Very Poor
2024-06-27,12:00,Mumbai,6,12,39.0,61.7,10.7,38.7,78.0,15.4,3.14,1.7,37.6,89.6,Satisfactory
2024-06-28,00:00,Lucknow,6,0,39.4,72.0,12.5,20.2,43.9,41.0,0.8,3.6,50.4,50.0,Good
2024-06-28,12:00,Kanpur,6,12,41.8,79.7,1.6,159.5,309.6,6.3,1.8,9.6,14.2,353.9,Very Poor
2024-06-29,00:00,Agra,6,0,39.1,57.7,10.5,77.5,200.7,17.5,1.15,4.0,83.9,171.8,Moderate
2024-06-29,12:00,Mathura,6,12,40.2,65.7,13.1,45.7,96.6,5.5,0.24,14.2,32.3,90.7,Satisfactory
2024-06-30,00:00,Varanasi,6,0,42.0,51.1,4.6,31.2,74.1,43.4,0.42,3.9,28.2,68.4,Satisfactory
2024-06-30,12:00,Allahabad,6,12,37.4,81.2,1.7,52.3,86.3,73.0,1.55,5.0,11.2,94.7,Satisfactory
2024-07-01,00:00,Delhi,7,0,37.3,40.2,29.7,5.0,28.6,16.8,1.42,15.1,16.6,34.9,Good
2024-07-01,12:00,Mumbai,7,12,38.4,42.8,14.1,32.2,61.4,36.1,1.47,3.2,104.9,61.5,Satisfactory
2024-07-02,00:00,Lucknow,7,0,37.3,55.1,3.5,31.6,80.8,6.7,1.09,7.6,61.5,74.4,Satisfactory
2024-07-02,12:00,Kanpur,7,12,32.0,53.8,13.8,96.8,190.9,16.6,2.97,31.1,52.0,221.1,Poor
2024-07-03,00:00,Agra,7,0,36.3,44.1,30.1,24.0,38.3,5.3,0.59,2.1,100.1,40.5,Good
2024-07-03,12:00,Mathura,7,12,40.1,28.6,1.7,118.3,262.0,18.0,0.1,9.1,13.4,291.3,Poor
2024-07-04,00:00,Varanasi,7,0,42.6,53.2,40.0,45.8,82.5,17.8,0.2,1.0,17.3,70.2,Satisfactory
2024-07-04,12:00,Allahabad,7,12,42.0,55.8,0.5,45.9,78.8,6.9,0.17,1.0,6.2,81.4,Satisfactory
2024-07-05,00:00,Delhi,7,0,32.8,42.3,40.0,20.5,23.5,21.9,0.29,14.6,50.6,30.4,Good
2024-07-05,12:00,Mumbai,7,12,38.4,58.5,4.1,26.6,55.2,7.3,0.91,14.7,7.2,57.3,Satisfactory
2024-07-06,00:00,Lucknow,7,0,41.0,48.6,29.7,23.4,37.7,13.8,0.1,4.7,12.5,40.6,Good
2024-07-06,12:00,Kanpur,7,12,33.4,71.8,40.0,46.3,87.1,40.0,1.2,29.4,42.1,90.2,Satisfactory
2024-07-07,00:00,Agra,7,0,35.6,44.6,40.0,28.9,55.8,10.8,0.1,4.7,45.1,61.9,Satisfactory
2024-07-07,12:00,Mathura,7,12,40.6,44.0,22.9,46.8,126.6,2.0,0.73,1.0,74.4,120.3,Moderate
2024-07-08,00:00,Varanasi,7,0,40.5,41.6,15.5,25.7,36.6,2.0,0.66,8.8,94.9,41.9,Good
2024-07-08,12:00,Allahabad,7,12,34.2,54.6,4.8,48.5,99.8,20.7,0.8,8.2,15.4,108.8,Moderate
2024-07-09,00:00,Delhi,7,0,42.2,47.3,34.5,20.3,27.8,22.4,0.11,1.0,45.0,34.1,Good
2024-07-09,12:00,Mumbai,7,12,35.4,52.7,21.6,111.8,170.6,21.7,0.47,12.8,5.0,267.5,Poor
2024-07-10,00:00,Lucknow,7,0,43.4,41.1,1.3,37.9,63.9,7.1,1.16,11.2,156.7,67.4,Satisfactory
2024-07-10,12:00,Kanpur,7,12,40.2,34.1,17.3,70.2,152.3,23.5,0.73,9.8,44.1,137.5,Moderate
2024-07-11,00:00,Agra,7,0,40.9,40.6,40.0,14.6,32.5,3.9,0.1,2.2,19.1,37.8,Good
2024-07-11,12:00,Mathura,7,12,40.0,61.7,7.4,63.0,139.5,20.3,0.44,15.8,50.1,129.3,Moderate
2024-07-12,00:00,Varanasi,7,0,41.5,47.8,3.7,6.0,18.2,8.8,0.5,7.9,44.1,21.0,Good
2024-07-12,12:00,Allahabad,7,12,38.5,56.3,7.1,46.2,91.0,2.0,1.49,10.6,17.0,96.2,Satisfactory
2024-07-13,00:00,Delhi,7,0,40.5,40.8,5.6,6.8,12.7,11.7,0.1,1.0,47.2,21.4,Good
2024-07-13,12:00,Mumbai,7,12,38.5,51.1,14.5,26.6,42.7,7.9,0.18,7.8,72.2,44.6,Good
2024-07-14,00:00,Lucknow,7,0,39.6,49.8,0.5,12.0,26.6,7.7,0.63,2.8,13.9,26.4,Good
2024-07-14,12:00,Kanpur,7,12,33.9,44.5,6.3,112.5,249.7,20.0,0.44,67.5,10.6,269.6,Poor
2024-07-15,00:00,Agra,7,0,42.5,51.8,32.8,36.4,72.9,24.5,0.31,11.0,146.3,75.3,Satisfactory
2024-07-15,12:00,Mathura,7,12,37.9,32.2,27.2,31.4,63.8,34.1,0.42,16.9,11.4,69.1,Satisfactory
2024-07-16,00:00,Varanasi,7,0,39.5,56.9,22.1,45.9,92.5,4.8,0.77,2.9,64.2,102.2,Moderate
2024-07-16,12:00,Allahabad,7,12,39.2,41.5,0.9,32.0,82.6,15.2,0.93,21.7,49.2,82.7,Satisfactory
2024-07-17,00:00,Delhi,7,0,41.2,40.2,23.3,41.5,98.4,15.5,0.94,16.2,10.8,95.0,Satisfactory
2024-07-17,12:00,Mumbai,7,12,34.5,44.1,1.1,26.9,43.6,28.1,0.44,14.5,48.7,36.6,Good
2024-07-18,00:00,Lucknow,7,0,36.9,51.3,2.6,20.4,44.2,13.1,0.89,2.8,46.2,45.6,Good
2024-07-18,12:00,Kanpur,7,12,34.4,58.2,3.1,69.5,122.6,15.7,1.15,19.5,35.1,121.4,Moderate
2024-07-19,00:00,Agra,7,0,33.7,49.2,18.1,94.7,172.5,15.0,0.72,4.2,41.8,215.3,Poor
2024-07-19,12:00,Mathura,7,12,40.2,52.3,5.9,72.0,132.3,2.0,0.21,12.4,57.2,153.2,Moderate
2024-07-20,00:00,Varanasi,7,0,35.6,46.3,5.5,41.5,78.8,17.9,0.56,2.3,40.2,85.3,Satisfactory
2024-07-20,12:00,Allahabad,7,12,35.9,50.7,5.3,79.8,174.2,18.0,1.29,4.8,43.5,168.3,Moderate
2024-07-21,00:00,Delhi,7,0,33.5,60.8,8.0,46.3,93.5,10.5,0.23,27.5,78.4,92.8,Satisfactory
2024-07-21,12:00,Mumbai,7,12,37.0,27.5,19.4,37.9,80.1,4.5,0.4,2.0,22.9,78.7,Satisfactory
2024-07-22,00:00,Lucknow,7,0,37.1,34.9,21.0,10.1,13.0,26.4,0.43,5.7,108.5,17.0,Good
2024-07-22,12:00,Kanpur,7,12,35.7,47.3,5.3,44.2,107.8,10.2,1.59,12.7,19.8,116.2,Moderate
2024-07-23,00:00,Agra,7,0,35.2,56.4,0.7,21.8,47.4,8.4,0.38,18.4,30.9,52.3,Satisfactory
2024-07-23,12:00,Mathura,7,12,35.4,49.6,1.8,39.1,69.1,2.5,0.1,31.6,42.6,70.8,Satisfactory
2024-07-24,00:00,Varanasi,7,0,37.6,53.9,20.2,38.8,72.7,15.8,1.5,8.9,137.5,72.6,Satisfactory
2024-07-24,12:00,Allahabad,7,12,36.0,36.7,8.1,39.9,88.4,18.7,0.83,13.2,13.1,88.9,Satisfactory
2024-07-25,00:00,Delhi,7,0,34.8,54.9,3.8,52.8,122.6,6.5,0.1,13.0,113.8,121.0,Moderate
2024-07-25,12:00,Mumbai,7,12,36.4,64.7,1.3,20.1,32.4,15.6,0.63,4.9,43.2,41.2,Good
2024-07-26,00:00,Lucknow,7,0,34.4,50.7,19.7,26.1,31.9,11.0,0.32,7.9,31.4,36.7,Good
2024-07-26,12:00,Kanpur,7,12,42.9,37.3,2.9,142.6,340.0,44.8,0.94,1.4,66.4,338.3,Very Poor
2024-07-27,00:00,Agra,7,0,41.4,46.8,11.3,18.2,35.3,25.6,0.24,6.5,42.8,42.4,Good
2024-07-27,12:00,Mathura,7,12,39.3,21.1,3.9,23.9,46.1,17.1,0.53,4.9,33.4,44.6,Good
2024-07-28,00:00,Varanasi,7,0,41.2,40.2,17.5,23.5,48.2,2.0,0.41,5.3,109.7,50.5,Satisfactory
2024-07-28,12:00,Allahabad,7,12,38.2,51.6,2.9,50.6,103.5,5.4,0.42,3.0,42.3,98.8,Satisfactory
2024-07-29,00:00,Delhi,7,0,37.6,43.7,40.0,50.6,119.7,6.2,0.66,6.3,32.0,116.0,Moderate
2024-07-29,12:00,Mumbai,7,12,38.4,62.3,6.4,65.0,155.8,15.0,1.28,8.9,39.9,135.8,Moderate
2024-07-30,00:00,Lucknow,7,0,36.9,36.1,2.0,54.7,76.1,6.5,1.05,31.4,30.4,85.3,Satisfactory
2024-07-30,12:00,Kanpur,7,12,35.4,30.7,0.8,28.5,67.4,34.5,0.64,38.0,5.0,60.4,Satisfactory
2024-07-31,00:00,Agra,7,0,34.3,37.7,40.0,27.9,63.3,9.3,0.1,1.0,31.3,70.5,Satisfactory
2024-07-31,12:00,Mathura,7,12,32.2,47.7,40.0,44.4,70.7,73.3,0.73,5.6,92.2,77.8,Satisfactory
2024-08-01,00:00,Varanasi,8,0,29.2,25.5,8.7,24.8,48.3,3.8,0.14,1.0,6.7,44.8,Good
2024-08-01,12:00,Allahabad,8,12,33.2,32.3,2.7,50.0,63.2,28.2,0.5,5.9,43.0,92.2,Satisfactory
2024-08-02,00:00,Delhi,8,0,35.2,45.9,2.4,95.5,221.6,47.9,0.1,9.2,55.7,218.7,Poor
2024-08-02,12:00,Mumbai,8,12,25.8,25.2,32.8,56.7,91.4,44.2,0.94,26.4,40.3,84.4,Satisfactory
2024-08-03,00:00,Lucknow,8,0,32.4,30.5,20.3,20.3,35.6,37.1,0.41,1.5,48.6,32.7,Good
2024-08-03,12:00,Kanpur,8,12,32.8,35.7,9.2,23.0,45.9,20.5,1.29,17.3,27.1,47.1,Good
2024-08-04,00:00,Agra,8,0,33.7,25.1,15.5,5.4,15.8,9.1,0.54,9.7,12.1,13.9,Good
2024-08-04,12:00,Mathura,8,12,31.4,48.0,6.2,52.1,108.9,23.8,0.48,8.6,42.7,101.7,Moderate
2024-08-05,00:00,Varanasi,8,0,30.0,46.6,2.6,41.0,63.6,9.5,0.38,9.3,66.8,71.4,Satisfactory
2024-08-05,12:00,Allahabad,8,12,31.0,47.4,0.5,33.5,73.7,8.4,0.82,11.1,19.2,78.5,Satisfactory
2024-08-06,00:00,Delhi,8,0,31.4,44.0,3.8,63.4,109.8,6.8,0.28,11.0,21.5,118.1,Moderate
2024-08-06,12:00,Mumbai,8,12,28.9,35.2,11.9,42.3,99.3,20.1,0.51,10.8,50.4,104.4,Moderate
2024-08-07,00:00,Lucknow,8,0,32.6,65.6,6.7,41.6,86.4,62.4,1.2,5.3,70.6,88.0,Satisfactory
2024-08-07,12:00,Kanpur,8,12,32.6,50.2,13.9,45.8,80.8,53.3,0.59,4.4,56.0,83.3,Satisfactory
2024-08-08,00:00,Agra,8,0,34.4,54.0,3.3,41.3,51.8,10.0,0.15,3.1,36.0,74.7,Satisfactory
2024-08-08,12:00,Mathura,8,12,33.7,46.3,2.4,53.6,106.8,21.1,0.82,2.4,33.1,100.6,Moderate
2024-08-09,00:00,Varanasi,8,0,27.9,30.5,16.6,29.0,59.3,12.3,0.52,4.7,88.4,52.4,Satisfactory
2024-08-09,12:00,Allahabad,8,12,33.4,51.1,36.5,70.4,147.7,35.8,0.1,1.8,92.4,141.9,Moderate
2024-08-10,00:00,Delhi,8,0,33.0,31.7,5.0,17.8,30.2,8.1,0.45,2.7,10.8,31.0,Good
2024-08-10,12:00,Mumbai,8,12,31.6,31.3,7.2,14.3,21.5,9.8,0.53,21.6,44.4,27.9,Good
2024-08-11,00:00,Lucknow,8,0,35.6,55.0,13.9,41.9,98.1,19.7,0.32,11.2,24.6,97.2,Satisfactory
2024-08-11,12:00,Kanpur,8,12,34.2,27.2,1.4,37.2,56.7,14.1,2.18,2.3,30.3,69.1,Satisfactory
2024-08-12,00:00,Agra,8,0,29.2,22.3,15.2,13.4,18.2,21.5,0.78,1.0,51.4,19.7,Good
2024-08-12,12:00,Mathura,8,12,32.1,41.4,14.7,92.0,173.1,14.7,0.91,8.9,27.9,213.1,Poor
2024-08-13,00:00,Varanasi,8,0,36.5,53.0,8.5,43.3,74.2,18.0,0.19,1.3,13.8,69.7,Satisfactory
2024-08-13,12:00,Allahabad,8,12,34.3,43.4,1.9,23.7,52.0,9.6,0.25,13.2,49.1,56.2,Satisfactory
2024-08-14,00:00,Delhi,8,0,34.4,35.9,9.8,97.8,235.9,33.0,0.67,1.0,54.1,227.6,Poor
2024-08-14,12:00,Mumbai,8,12,34.6,42.3,2.7,8.9,12.1,12.9,0.48,7.7,26.8,12.0,Good
2024-08-15,00:00,Lucknow,8,0,27.7,20.0,16.6,17.0,22.3,6.3,0.45,14.2,33.8,30.4,Good
2024-08-15,12:00,Kanpur,8,12,33.5,30.9,2.7,69.2,135.6,48.6,0.76,26.8,24.8,138.5,Moderate
2024-08-16,00:00,Agra,8,0,29.9,46.9,20.2,34.1,65.7,15.3,0.29,2.9,5.0,65.6,Satisfactory
2024-08-16,12:00,Mathura,8,12,32.2,41.2,21.7,12.8,25.5,7.5,1.44,13.7,38.1,27.1,Good
2024-08-17,00:00,Varanasi,8,0,37.0,53.6,0.5,62.9,144.7,19.5,1.06,9.4,8.1,134.8,Moderate
2024-08-17,12:00,Allahabad,8,12,32.4,23.1,3.6,50.9,109.0,2.0,0.67,4.1,91.0,100.7,Moderate
2024-08-18,00:00,Delhi,8,0,32.1,36.0,6.8,52.5,88.3,7.9,1.03,16.1,41.1,86.8,Satisfactory
2024-08-18,12:00,Mumbai,8,12,30.9,34.5,10.9,17.9,18.2,14.8,0.85,16.7,25.2,36.9,Good
2024-08-19,00:00,Lucknow,8,0,28.9,36.9,2.9,5.0,16.6,10.5,0.11,1.0,21.0,12.0,Good
2024-08-19,12:00,Kanpur,8,12,29.7,28.8,5.4,47.4,96.4,26.2,0.1,9.9,16.1,100.4,Moderate
2024-08-20,00:00,Agra,8,0,33.7,48.9,40.0,48.6,87.7,19.2,0.18,3.7,37.9,94.9,Satisfactory
2024-08-20,12:00,Mathura,8,12,34.0,44.4,24.0,35.1,68.4,5.1,0.37,12.4,55.0,68.1,Satisfactory
2024-08-21,00:00,Varanasi,8,0,32.2,30.2,1.2,5.1,10.0,6.9,0.22,10.6,50.1,2.2,Good
2024-08-21,12:00,Allahabad,8,12,25.9,29.0,3.9,22.7,19.1,20.2,0.1,16.9,5.0,35.4,Good
2024-08-22,00:00,Delhi,8,0,33.1,20.0,11.6,74.0,165.3,5.5,0.41,9.9,13.1,142.7,Moderate
2024-08-22,12:00,Mumbai,8,12,30.6,41.1,1.5,37.4,87.5,17.5,0.1,2.7,124.1,87.3,Satisfactory
2024-08-23,00:00,Lucknow,8,0,30.6,43.2,13.2,22.3,54.5,2.0,0.3,10.4,18.6,55.0,Satisfactory
2024-08-23,12:00,Kanpur,8,12,38.7,31.1,1.4,79.8,132.3,35.4,0.46,10.0,80.2,167.6,Moderate
2024-08-24,00:00,Agra,8,0,31.1,42.3,26.3,43.6,82.5,5.5,1.18,6.7,53.1,88.1,Satisfactory
2024-08-24,12:00,Mathura,8,12,33.4,45.2,2.0,32.1,66.5,17.1,0.51,12.6,34.5,64.3,Satisfactory
2024-08-25,00:00,Varanasi,8,0,28.8,33.6,40.0,38.7,91.5,4.4,0.14,3.3,53.3,89.2,Satisfactory
2024-08-25,12:00,Allahabad,8,12,30.5,24.0,12.6,44.9,91.2,12.3,0.6,11.6,5.0,93.1,Satisfactory
2024-08-26,00:00,Delhi,8,0,26.0,51.9,10.7,17.5,45.8,6.2,1.2,16.8,26.7,47.5,Good
2024-08-26,12:00,Mumbai,8,12,37.0,38.1,18.4,14.1,25.2,12.8,1.24,7.8,35.0,17.8,Good
2024-08-27,00:00,Lucknow,8,0,29.9,38.9,24.0,5.0,10.0,12.7,0.41,7.3,25.4,10.5,Good
2024-08-27,12:00,Kanpur,8,12,37.2,48.8,28.5,61.8,97.7,64.2,1.77,10.0,36.1,102.0,Moderate
2024-08-28,00:00,Agra,8,0,32.6,40.5,1.6,35.5,95.4,4.5,0.1,1.0,122.3,101.2,Moderate
2024-08-28,12:00,Mathura,8,12,28.5,37.1,13.2,69.6,119.8,17.5,0.1,3.2,32.8,125.4,Moderate
2024-08-29,00:00,Varanasi,8,0,33.7,21.2,4.3,14.2,19.8,22.8,0.44,5.5,55.5,13.4,Good
2024-08-29,12:00,Allahabad,8,12,33.7,26.0,1.5,25.0,53.8,2.0,0.83,20.4,45.9,46.5,Good
2024-08-30,00:00,Delhi,8,0,37.4,40.7,12.0,20.8,54.0,10.1,1.13,2.2,31.1,46.0,Good
2024-08-30,12:00,Mumbai,8,12,33.7,51.9,0.5,46.0,90.0,20.0,0.77,1.0,16.7,90.1,Satisfactory
2024-08-31,00:00,Lucknow,8,0,27.2,42.4,7.1,59.5,103.3,19.4,0.76,7.4,18.4,100.1,Moderate
2024-08-31,12:00,Kanpur,8,12,29.6,41.2,0.9,106.0,253.1,41.0,0.78,24.8,68.6,255.6,Poor
2024-09-01,00:00,Agra,9,0,22.0,32.9,33.6,17.5,32.0,6.0,0.57,12.1,19.9,31.2,Good
2024-09-01,12:00,Mathura,9,12,26.5,35.9,7.3,48.5,93.9,18.8,0.55,10.0,7.9,90.0,Satisfactory
2024-09-02,00:00,Varanasi,9,0,17.1,41.7,19.1,31.0,79.0,11.1,0.66,2.6,12.3,78.2,Satisfactory
2024-09-02,12:00,Allahabad,9,12,27.7,43.2,3.2,5.0,10.0,21.2,0.46,2.5,118.7,12.2,Good
2024-09-03,00:00,Delhi,9,0,24.5,47.7,7.8,11.2,26.6,31.1,0.93,8.6,38.3,28.1,Good
2024-09-03,12:00,Mumbai,9,12,21.9,34.6,1.7,44.8,95.0,3.5,0.25,20.5,50.8,104.2,Moderate
2024-09-04,00:00,Lucknow,9,0,27.6,37.1,15.5,48.9,123.8,9.7,0.32,4.3,44.0,114.1,Moderate
2024-09-04,12:00,Kanpur,9,12,21.3,30.4,7.6,16.3,21.9,18.2,1.73,18.7,16.7,25.3,Good
2024-09-05,00:00,Agra,9,0,22.7,42.7,6.9,17.5,41.8,23.9,0.53,4.0,46.5,49.2,Good
2024-09-05,12:00,Mathura,9,12,28.5,41.9,7.5,38.7,87.8,11.5,0.1,9.5,44.2,86.5,Satisfactory
2024-09-06,00:00,Varanasi,9,0,24.7,26.5,4.3,8.1,10.5,30.0,0.62,1.0,136.4,20.8,Good
2024-09-06,12:00,Allahabad,9,12,23.1,25.0,4.4,60.8,89.7,43.9,0.23,1.0,89.5,106.8,Moderate
2024-09-07,00:00,Delhi,9,0,23.3,31.0,9.5,17.6,36.1,39.0,0.79,1.0,38.8,43.6,Good
2024-09-07,12:00,Mumbai,9,12,21.5,51.7,40.0,39.4,98.7,49.0,0.16,7.3,13.4,99.2,Satisfactory
2024-09-08,00:00,Lucknow,9,0,23.4,34.8,12.7,50.0,109.6,24.1,0.25,1.0,22.4,105.6,Moderate
2024-09-08,12:00,Kanpur,9,12,21.1,51.9,0.6,124.4,279.3,7.5,0.76,8.9,98.4,307.2,Very Poor
2024-09-09,00:00,Agra,9,0,18.9,38.8,40.0,39.0,91.1,27.3,0.24,20.9,86.1,89.4,Satisfactory
2024-09-09,12:00,Mathura,9,12,23.4,27.2,3.3,33.1,79.4,19.0,1.0,9.0,25.0,76.0,Satisfactory
2024-09-10,00:00,Varanasi,9,0,22.7,47.5,10.6,17.8,20.9,5.2,0.97,5.8,54.0,39.7,Good
2024-09-10,12:00,Allahabad,9,12,26.7,23.4,8.4,33.3,94.3,41.6,0.75,9.5,30.9,102.3,Moderate
2024-09-11,00:00,Delhi,9,0,23.3,25.7,13.5,81.8,186.9,4.3,0.89,15.4,59.0,179.5,Moderate
2024-09-11,12:00,Mumbai,9,12,27.0,44.9,10.8,47.5,115.0,10.5,1.58,8.6,38.5,102.7,Moderate
2024-09-12,00:00,Lucknow,9,0,22.4,33.4,24.0,19.1,45.0,9.4,0.49,14.1,28.5,37.0,Good
2024-09-12,12:00,Kanpur,9,12,27.7,41.7,0.6,83.0,124.7,11.1,1.65,18.6,8.9,184.2,Moderate
2024-09-13,00:00,Agra,9,0,25.6,48.7,15.8,18.9,31.2,39.5,0.1,17.1,42.6,29.8,Good
2024-09-13,12:00,Mathura,9,12,21.7,23.1,6.0,17.6,34.9,11.3,0.41,39.6,10.6,37.7,Good
2024-09-14,00:00,Varanasi,9,0,26.2,20.0,15.6,26.6,36.5,8.3,0.18,3.1,89.7,46.2,Good
2024-09-14,12:00,Allahabad,9,12,25.5,35.9,12.4,18.8,47.2,31.7,0.28,20.6,26.7,52.4,Satisfactory
2024-09-15,00:00,Delhi,9,0,24.7,33.8,12.0,67.3,115.3,2.0,0.1,10.1,21.5,127.5,Moderate
2024-09-15,12:00,Mumbai,9,12,29.6,24.9,14.8,48.1,96.7,26.2,0.13,17.9,16.7,98.8,Satisfactory
2024-09-16,00:00,Lucknow,9,0,27.7,30.0,17.3,89.3,226.0,10.0,0.65,5.0,25.2,192.4,Moderate
2024-09-16,12:00,Kanpur,9,12,23.0,50.7,1.0,26.0,46.1,67.3,0.86,12.5,19.5,43.4,Good
2024-09-17,00:00,Agra,9,0,25.0,48.4,11.0,12.7,27.7,35.2,0.29,6.9,49.1,24.8,Good
2024-09-17,12:00,Mathura,9,12,25.4,20.0,8.6,56.8,126.7,43.6,1.24,4.6,43.6,111.4,Moderate
2024-09-18,00:00,Varanasi,9,0,24.7,29.3,0.5,22.2,37.2,9.6,0.44,12.3,9.5,36.1,Good
2024-09-18,12:00,Allahabad,9,12,22.0,49.6,13.7,72.3,167.3,73.6,0.67,5.5,5.0,144.4,Moderate
2024-09-19,00:00,Delhi,9,0,28.9,49.2,10.9,96.7,206.5,18.5,0.68,7.5,17.5,229.9,Poor
2024-09-19,12:00,Mumbai,9,12,20.9,58.4,0.5,43.5,101.7,38.8,0.68,4.7,52.1,108.9,Moderate
2024-09-20,00:00,Lucknow,9,0,22.4,29.9,20.6,39.4,67.1,2.0,0.42,13.3,114.0,67.6,Satisfactory
2024-09-20,12:00,Kanpur,9,12,25.9,45.0,1.6,33.3,59.7,12.4,0.97,27.2,77.3,65.5,Satisfactory
2024-09-21,00:00,Agra,9,0,24.5,29.7,13.2,12.0,18.7,10.0,0.46,4.1,49.4,15.1,Good
2024-09-21,12:00,Mathura,9,12,32.4,39.3,8.7,16.9,36.1,6.9,1.27,1.4,102.6,29.1,Good
2024-09-22,00:00,Varanasi,9,0,29.3,53.4,15.7,12.9,41.1,5.4,0.72,7.5,18.2,34.5,Good
2024-09-22,12:00,Allahabad,9,12,27.6,38.4,21.2,65.2,115.2,62.1,3.44,30.1,91.2,120.0,Moderate
2024-09-23,00:00,Delhi,9,0,28.4,33.7,3.3,68.4,106.3,13.3,0.53,7.4,68.9,128.0,Moderate
2024-09-23,12:00,Mumbai,9,12,26.5,39.0,40.0,56.1,139.3,10.6,0.14,5.9,35.3,127.1,Moderate
2024-09-24,00:00,Lucknow,9,0,21.3,20.0,5.2,12.1,10.0,7.9,0.1,8.1,39.9,17.6,Good
2024-09-24,12:00,Kanpur,9,12,23.6,40.6,11.8,50.8,92.6,5.8,0.74,8.9,14.8,93.0,Satisfactory
2024-09-25,00:00,Agra,9,0,25.5,28.9,40.0,63.6,105.6,4.1,0.75,17.0,77.2,106.4,Moderate
2024-09-25,12:00,Mathura,9,12,22.4,37.4,4.0,33.6,71.9,10.7,0.25,13.5,46.9,72.1,Satisfactory
2024-09-26,00:00,Varanasi,9,0,24.8,32.3,32.5,34.9,62.6,12.9,0.26,2.2,30.4,62.7,Satisfactory
2024-09-26,12:00,Allahabad,9,12,21.1,40.6,9.4,35.1,94.6,51.9,0.77,6.8,41.1,92.8,Satisfactory
